air_date,season,episode_overall,episode_in_season,song,original_artist,genre,original_release_year,years_since_release,performed_by,is_cameo,duet_with,version_covered,rerun,video_id,video_url,video_source,video_title,video_views,video_seconds
2019-09-09,1,1,1,9 to 5,Dolly Parton,Country,1980,39,Kelly Clarkson,no,,,no,l9WQmsJP9sU,https://www.youtube.com/watch?v=l9WQmsJP9sU,KC Videos archive,Kellyoke | 9 to 5 (Dolly Parton),103000,150
2019-09-10,1,2,2,Sucker,Jonas Brothers,Rock,2019,0,Kelly Clarkson,no,,,no,r8LqF7zZsKc,https://www.youtube.com/watch?v=r8LqF7zZsKc,KC Videos archive,Kellyoke | Sucker (Jonas Brothers),20000,95
2019-09-11,1,3,3,Bad Romance,Lady Gaga,Pop,2009,10,Kelly Clarkson,no,,,no,JPqNT4_SmfA,https://www.youtube.com/watch?v=JPqNT4_SmfA,KC Videos archive,Kellyoke | Bad Romance (Lady Gaga),135000,88
2019-09-12,1,4,4,Think,Aretha Franklin,R&B / Soul,1968,51,Kelly Clarkson,no,,,no,V7aitFRw7Qg,https://www.youtube.com/watch?v=V7aitFRw7Qg,KC Videos archive,Kellyoke | Think (Aretha Franklin),88000,95
2019-09-13,1,5,5,Chandelier,Sia,Pop,2014,5,Kelly Clarkson,no,,,no,Y0jUm9dk7_0,https://www.youtube.com/watch?v=Y0jUm9dk7_0,KC Videos archive,Kellyoke | Chandelier (Sia),628000,106
2019-09-16,1,6,6,Ain't No Other Man,Christina Aguilera,Pop,2006,13,Kelly Clarkson,no,,,no,LoChRaKWcrA,https://www.youtube.com/watch?v=LoChRaKWcrA,KC Videos archive,Kellyoke | Ain't No Other Man (Christina Aguilera),21000,90
2019-09-17,1,7,7,Miss Me More,Kelsea Ballerini,Country,2018,1,Kelly Clarkson,no,,,no,R53Il0l4Jx4,https://www.youtube.com/watch?v=R53Il0l4Jx4,KC Videos archive,Kellyoke | Miss Me More (Kelsea Ballerini),14000,73
2019-09-18,1,8,8,Straight Up,Paula Abdul,Pop,1988,31,Kelly Clarkson,no,,,no,-bcJpBJD3s8,https://www.youtube.com/watch?v=-bcJpBJD3s8,KC Videos archive,Kellyoke | Straight Up (Paula Abdul),15000,106
2019-09-19,1,9,9,Believer,Imagine Dragons,Rock,2017,2,Kelly Clarkson,no,,,no,rHxbwgbw1Sc,https://www.youtube.com/watch?v=rHxbwgbw1Sc,KC Videos archive,Kellyoke | Believer (Imagine Dragons),180000,116
2019-09-20,1,10,10,Express Yourself,Madonna,Electronic,1989,30,Kelly Clarkson,no,,,no,2qt8u7N3Tuk,https://www.youtube.com/watch?v=2qt8u7N3Tuk,KC Videos archive,Kellyoke | Express Yourself (Madonna),26000,109
2019-09-23,1,11,11,Shut Up and Dance,Walk the Moon,Rock,2014,5,Kelly Clarkson,no,,,no,83jqyKryrvU,https://www.youtube.com/watch?v=83jqyKryrvU,KC Videos archive,Kellyoke | Shut Up & Dance (WALK THE MOON),51000,89
2019-09-24,1,12,12,Let's Go Crazy,Prince and The Revolution,Rock,1984,35,Kelly Clarkson,no,,,no,nE3sk876mGQ,https://www.youtube.com/watch?v=nE3sk876mGQ,KC Videos archive,Kellyoke | Let's Go Crazy (Prince),27000,91
2019-09-25,1,13,13,If It Makes You Happy,Sheryl Crow,Rock,1996,23,Kelly Clarkson,no,,,no,26S5HmbNYQQ,https://www.youtube.com/watch?v=26S5HmbNYQQ,KC Videos archive,Kellyoke | If It Makes You Happy (Sheryl Crow),29000,105
2019-09-26,1,14,14,Till the World Ends,Britney Spears,Pop,2011,8,Kelly Clarkson,no,,,no,WZEvrgEI1qw,https://www.youtube.com/watch?v=WZEvrgEI1qw,KC Videos archive,Kellyoke | Til the World Ends (Britney Spears),24000,92
2019-09-27,1,15,15,Why Haven't I Heard from You,Reba McEntire,Country,1994,25,Kelly Clarkson,no,,,no,Ixw1GO6XbpY,https://www.youtube.com/watch?v=Ixw1GO6XbpY,KC Videos archive,Kellyoke | Why Haven't I Heard From You (Reba),17000,105
2019-09-30,1,16,16,Juice,Lizzo,World,2019,0,Kelly Clarkson,no,,,no,rmH8IMePMN4,https://www.youtube.com/watch?v=rmH8IMePMN4,KC Videos archive,Kellyoke | Juice (Lizzo),33000,98
2019-10-01,1,17,17,Walking on Broken Glass,Annie Lennox,Pop,1992,27,Kelly Clarkson,no,,,no,uFkPSZIyU6U,https://www.youtube.com/watch?v=uFkPSZIyU6U,KC Videos archive,Kellyoke | Walking on Broken Glass (Annie Lennox),52000,93
2019-10-02,1,18,18,Before He Cheats,Carrie Underwood,Country,2006,13,Kelly Clarkson,no,,,no,26UpUUTioXo,https://www.youtube.com/watch?v=26UpUUTioXo,KC Videos archive,Kellyoke | Before He Cheats (Carrie Underwood),123000,104
2019-10-03,1,19,19,If I Can't Have You,Shawn Mendes,Electronic,,,Kelly Clarkson,no,,,no,1hi2cJ4OgLc,https://www.youtube.com/watch?v=1hi2cJ4OgLc,KC Videos archive,Kellyoke | If I Can't Have You (Shawn Mendes),26000,114
2019-10-04,1,20,20,I Love Rock 'n' Roll,Joan Jett and the Black Hearts,Rock,1975,44,Kelly Clarkson,no,,,no,VwFuDaY5jjo,https://www.youtube.com/watch?v=VwFuDaY5jjo,KC Videos archive,Kellyoke | I Love Rock N Roll (Joan Jett),220000,86
2019-10-07,1,21,21,Love Me Like You Do,Ellie Goulding,Pop,2015,4,Kelly Clarkson,no,,,no,gd0ds6eLvMc,https://www.youtube.com/watch?v=gd0ds6eLvMc,KC Videos archive,Kellyoke | Love Me Like You Do (Ellie Goulding),71000,86
2019-10-08,1,22,22,Blow Your Mind (Mwah),Dua Lipa,Electronic,2016,3,Kelly Clarkson,no,,,no,0QoINeX7zpE,https://www.youtube.com/watch?v=0QoINeX7zpE,KC Videos archive,Kellyoke | Blow Your Mind (Dua Lipa),10000,90
2019-10-09,1,23,23,Let Me Blow Ya Mind,Eve featuring Gwen Stefani,Hip hop,,,Kelly Clarkson,no,,,no,P4eR5sz9Xec,https://www.youtube.com/watch?v=P4eR5sz9Xec,KC Videos archive,Kellyoke | Let Me Blow Your Mind (Eve ft. Gwen Stefani),41000,102
2019-10-10,1,24,24,What Makes You Beautiful,One Direction,Pop,2011,8,Kelly Clarkson,no,,,no,ab4A9LTVnEI,https://www.youtube.com/watch?v=ab4A9LTVnEI,KC Videos archive,Kellyoke | What Makes You Beautiful (One Direction),65000,86
2019-10-11,1,25,25,Roar,Katy Perry,Pop,2013,6,Kelly Clarkson,no,,,no,5AD_vhin4Kc,https://www.youtube.com/watch?v=5AD_vhin4Kc,KC Videos archive,Kellyoke | Roar (Katy Perry),161000,94
2019-10-14,1,26,26,Can't Feel My Face,The Weeknd,Pop,2015,4,Kelly Clarkson,no,,,no,NO3TVm1Uo6U,https://www.youtube.com/watch?v=NO3TVm1Uo6U,KC Videos archive,Kellyoke | Can't Feel My Face (The Weeknd),14000,97
2019-10-15,1,27,27,Wrecking Ball,Miley Cyrus,Pop,2013,6,Kelly Clarkson,no,,,no,yB9f-YOHj6Y,https://www.youtube.com/watch?v=yB9f-YOHj6Y,KC Videos archive,Kellyoke | Wrecking Ball (Miley Cyrus),101000,80
2019-10-16,1,28,28,Jealous,Nick Jonas,R&B / Soul,2014,5,Kelly Clarkson,no,,,no,r9U1gAYkxek,https://www.youtube.com/watch?v=r9U1gAYkxek,KC Videos archive,Kellyoke | Jealous (Nick Jonas),47000,98
2019-10-17,1,29,29,Wild One,Faith Hill,Country,1993,26,Kelly Clarkson,no,,,no,ttYehvUE9WM,https://www.youtube.com/watch?v=ttYehvUE9WM,KC Videos archive,Kellyoke | Wild One (Faith Hill),13000,93
2019-10-18,1,30,30,Any Man of Mine,Shania Twain,Country,1995,24,Kelly Clarkson,no,,,no,fqQiS_nEQpk,https://www.youtube.com/watch?v=fqQiS_nEQpk,KC Videos archive,Kellyoke | Any Man of Mine (Shania Twain),372000,104
2019-10-21,1,31,31,Alone,Heart,Rock,2011,8,Kelly Clarkson,no,,,no,JX6COmdhzFg,https://www.youtube.com/watch?v=JX6COmdhzFg,KC Videos archive,Kellyoke | Alone (Heart),226000,109
2019-10-22,1,32,32,If I Could Turn Back Time,Cher,Rock,1989,30,Kelly Clarkson,no,,,no,5duulhSUAGM,https://www.youtube.com/watch?v=5duulhSUAGM,KC Videos archive,Kellyoke | If I Could Turn Back Time (Cher),394000,123
2019-10-23,1,33,33,Independence Day,Martina McBride,Country,1994,25,Kelly Clarkson,no,,,no,6B4IxX-z_xA,https://www.youtube.com/watch?v=6B4IxX-z_xA,KC Videos archive,Kellyoke | Independence Day (Martina McBride),87000,82
2019-10-24,1,34,34,I Wanna Dance with Somebody (Who Loves Me),Whitney Houston,Pop,1987,32,Kelly Clarkson,no,,,no,uPFbZxYZm2I,https://www.youtube.com/watch?v=uPFbZxYZm2I,KC Videos archive,Kellyoke | I Wanna Dance With Somebody (Whitney Houston),459000,115
2019-10-25,1,35,35,"I Like It, I Love It",Tim McGraw,Country,1995,24,Kelly Clarkson,no,,,no,lv5e5KwjWFM,https://www.youtube.com/watch?v=lv5e5KwjWFM,KC Videos archive,"Kellyoke | I Like It, I Love it (Tim McGraw)",26000,101
2019-10-28,1,36,36,Mine,Bazzi,Pop,2023,,Kelly Clarkson,no,,,no,yv78YYkpIWE,https://www.youtube.com/watch?v=yv78YYkpIWE,KC Videos archive,Kellyoke | Mine (Bazzi),8100,104
2019-10-29,1,37,37,Sugar,Maroon 5,Electronic,2015,4,Kelly Clarkson,no,,,no,Kz-lGFW7hQU,https://www.youtube.com/watch?v=Kz-lGFW7hQU,KC Videos archive,Kellyoke | Sugar (Maroon 5),24000,105
2019-10-30,1,38,38,Lips Are Movin,Meghan Trainor,R&B / Soul,2014,5,Kelly Clarkson,no,,,no,i0L8KhRdZKA,https://www.youtube.com/watch?v=i0L8KhRdZKA,KC Videos archive,Kellyoke | Lips Are Moving (Meghan Trainor),143000,108
2019-10-31,1,39,39,I Put a Spell on You,Screamin' Jay Hawkins,R&B / Soul,1956,63,Kelly Clarkson,no,,,no,aw6R8UkUC2I,https://www.youtube.com/watch?v=aw6R8UkUC2I,KC Videos archive,Kellyoke | I Put A Spell On You (Jay Hawkins),228000,145
2019-11-04,1,41,41,What About Us,P!nk,Electronic,2017,2,Kelly Clarkson,no,,,no,KBUEYnjtNaQ,https://www.youtube.com/watch?v=KBUEYnjtNaQ,KC Videos archive,Kellyoke | What About Us (Pink),262000,98
2019-11-05,1,42,42,Delicate,Taylor Swift,Pop,2018,1,Kelly Clarkson,no,,,no,aFn1jsYkLV0,https://www.youtube.com/watch?v=aFn1jsYkLV0,KC Videos archive,Kellyoke | Delicate (Taylor Swift),10000,94
2019-11-06,1,43,43,Can't Stop the Feeling!,Justin Timberlake,Pop,2016,3,Kelly Clarkson,no,,,no,iA2AFWDuEvQ,https://www.youtube.com/watch?v=iA2AFWDuEvQ,KC Videos archive,Kellyoke | Can't Stop the Feeling (Justin Timberlake),40000,102
2019-11-07,1,44,44,Never Be like You,Flume featuring Kai,Rock,2016,3,Kelly Clarkson,no,,,no,2AEaJEuiKr8,https://www.youtube.com/watch?v=2AEaJEuiKr8,KC Videos archive,Kellyoke | Never Be Like You (Flume),28000,101
2019-11-08,1,45,45,Come & Get It,Selena Gomez,Pop,2013,6,Kelly Clarkson,no,,,no,oFQ02HDXthA,https://www.youtube.com/watch?v=oFQ02HDXthA,KC Videos archive,Kellyoke | Come and Get It (Selena Gomez),12000,88
2019-11-11,1,46,46,You Look Good,Lady Antebellum,Country,2017,2,Kelly Clarkson,no,,,no,RZhm1Roeyuw,https://www.youtube.com/watch?v=RZhm1Roeyuw,KC Videos archive,Kellyoke | You Look Good (Lady A),10000,99
2019-11-12,1,47,47,Better Now,Post Malone,Hip hop,2018,1,Kelly Clarkson,no,,,no,pmd2IFgtrrA,https://www.youtube.com/watch?v=pmd2IFgtrrA,KC Videos archive,Kellyoke | Better Now (Post Malone),8600,101
2019-11-13,1,48,48,Cake by the Ocean,DNCE,Pop,2015,4,Kelly Clarkson,no,,,no,O-DvqZ3hiuM,https://www.youtube.com/watch?v=O-DvqZ3hiuM,KC Videos archive,Kellyoke | Cake By the Ocean (DNCE),8500,90
2019-11-14,1,49,49,Ride,Twenty One Pilots,Hip hop,2016,3,Kelly Clarkson,no,,,no,Mlugk6wD0ng,https://www.youtube.com/watch?v=Mlugk6wD0ng,KC Videos archive,Kellyoke | Ride (Twenty One Pilots),35000,101
2019-11-15,1,50,50,Only Girl (In the World),Rihanna,Pop,2010,9,Kelly Clarkson,no,,,no,iWYe0rP7W10,https://www.youtube.com/watch?v=iWYe0rP7W10,KC Videos archive,Kellyoke | Only Girl In the World (Rihanna),115000,145
2019-11-18,1,51,51,Uptown Funk,Mark Ronson featuring Bruno Mars,World,2014,5,Kelly Clarkson,no,,,no,ZsKwMNdgVcE,https://www.youtube.com/watch?v=ZsKwMNdgVcE,KC Videos archive,Kellyoke | Uptown Funk (Bruno Mars),210000,97
2019-11-19,1,52,52,The Story,Brandi Carlile,Rock,2007,12,Kelly Clarkson,no,,,no,bXFfTFuBanA,https://www.youtube.com/watch?v=bXFfTFuBanA,KC Videos archive,Kellyoke | The Story (Brandi Carlile),125000,100
2019-11-20,1,53,53,Feel It Still,Portugal. The Man,Pop,2017,2,Kelly Clarkson,no,,,no,zI57bKxNqMU,https://www.youtube.com/watch?v=zI57bKxNqMU,KC Videos archive,Kellyoke | Feel It Still (Portugal. The Man),13000,94
2019-11-21,1,54,54,Neon Moon,Brooks & Dunn featuring Kacey Musgraves,Country,1992,27,Kelly Clarkson,no,"Blake Shelton, Gwen Stefani & John Legend",,no,ipLuL1GDbxM,https://www.youtube.com/watch?v=ipLuL1GDbxM,KC Videos archive,Kellyoke | Neon Moon (Brooks & Dunn),197000,146
2019-11-22,1,55,55,Happy,Pharrell Williams,R&B / Soul,2013,6,Kelly Clarkson,no,,,no,pj1GGIVtGLE,https://www.youtube.com/watch?v=pj1GGIVtGLE,KC Videos archive,Kellyoke | Happy (Pharrell Williams),28000,102
2019-11-25,1,56,56,Ain't Goin' Down ('Til the Sun Comes Up),Garth Brooks,Country,1993,26,Kelly Clarkson,no,,,no,w4vMRQiq2-0,https://www.youtube.com/watch?v=w4vMRQiq2-0,KC Videos archive,Kellyoke | Ain't Going Down Til the Sun Comes Up (Garth Brooks),12000,126
2019-11-26,1,57,57,Bitter Sweet Symphony,The Verve,Rock,1997,22,Kelly Clarkson,no,,,no,yEdGP-bE0v8,https://www.youtube.com/watch?v=yEdGP-bE0v8,KC Videos archive,Kellyoke | Bittersweet Symphony (The Verve),27000,115
2019-11-27,1,58,58,Stay with Me,Sam Smith,Pop,2014,5,Kelly Clarkson,no,,,no,uFQYA_gMxZo,https://www.youtube.com/watch?v=uFQYA_gMxZo,KC Videos archive,Kellyoke | Stay With Me (Sam Smith),120000,104
2019-12-02,1,59,59,Whatta Man,Salt-N-Pepa featuring En Vogue,R&B / Soul,1993,26,Kelly Clarkson,no,,,no,5VxHkvj9CyI,https://www.youtube.com/watch?v=5VxHkvj9CyI,KC Videos archive,Kellyoke | Whatta Man (Salt-N-Pepa),39000,102
2019-12-03,1,60,60,Won't You Be My Neighbor,Fred Rogers,,,,Kelly Clarkson,no,,,no,c3ChF09fN2A,https://www.youtube.com/watch?v=c3ChF09fN2A,KC Videos archive,Kellyoke | Won't You Be My Neighbor (Fred Rogers),6400,122
2019-12-05,1,61,61,Scars to Your Beautiful,Alessia Cara,Pop,2016,3,Kelly Clarkson,no,,,no,vr_hkOZZkLY,https://www.youtube.com/watch?v=vr_hkOZZkLY,Other upload,,,
2019-12-06,1,62,62,Love Will Never Do (Without You),Janet Jackson,Electronic,1990,29,Kelly Clarkson,no,,,no,NXf0hy_R39g,https://www.youtube.com/watch?v=NXf0hy_R39g,KC Videos archive,Kellyoke | Love Will Never Do (Janet Jackson),23000,109
2019-12-09,1,63,63,Bang Bang,Jessie J,R&B / Soul,2014,5,Kelly Clarkson,no,,,no,SUDALQ08Sg4,https://www.youtube.com/watch?v=SUDALQ08Sg4,KC Videos archive,"Kellyoke | Bang Bang (Jessi J, Ariana Grande & Nicki Minaj)",119000,96
2019-12-10,1,64,64,Piece of My Heart,Erma Franklin,R&B / Soul,1967,52,Kelly Clarkson,no,,,no,0rsyb9PYlZA,https://www.youtube.com/watch?v=0rsyb9PYlZA,KC Videos archive,Kellyoke | Piece of My Heart (Janis Joplin),437000,90
2019-12-11,1,65,65,Waterfalls,TLC,R&B / Soul,1995,24,Kelly Clarkson,no,,,no,MeZY9Xynboc,https://www.youtube.com/watch?v=MeZY9Xynboc,KC Videos archive,Kellyoke | Waterfalls (TLC),16000,96
2019-12-12,1,66,66,Every Little Step,Bobby Brown,R&B / Soul,1989,30,Kelly Clarkson,no,,,no,eyaXHePT8eA,https://www.youtube.com/watch?v=eyaXHePT8eA,KC Videos archive,Kellyoke | Every Little Step (Bobby Brown),7900,101
2019-12-13,1,67,67,Run Run Rudolph,Chuck Berry,Christmas,1958,61,Kelly Clarkson,no,,,no,OVKiJ4GmWA0,https://www.youtube.com/watch?v=OVKiJ4GmWA0,KC Videos archive,Kellyoke | Run Run Rudolph (Chuck Berry),5500,107
2019-12-16,1,68,68,Jingle Bell Rock,Bobby Helms,Christmas,1957,62,Kelly Clarkson,no,,,no,v198Sjulwbw,https://www.youtube.com/watch?v=v198Sjulwbw,KC Videos archive,Kellyoke | Jingle Bell Rock (Brenda Lee),7300,110
2019-12-17,1,69,69,Christmas (Baby Please Come Home),Darlene Love,Christmas,1963,56,Kelly Clarkson,no,,,no,YJMdhL9jnro,https://www.youtube.com/watch?v=YJMdhL9jnro,KC Videos archive,Kellyoke | Christmas (Baby Please Come Home)  (Darlene Love),9100,93
2019-12-18,1,70,70,My Favorite Things,,Musical theatre,,,Kelly Clarkson,no,,,no,pBcRgpizzuE,https://www.youtube.com/watch?v=pBcRgpizzuE,KC Videos archive,Kellyoke | My Favorite Things (Julie Andrews),14000,103
2019-12-19,1,71,71,Christmas Eve,Kelly Clarkson,Pop,2017,2,Kelly Clarkson,no,,,no,HBqlMe3G7-k,https://www.youtube.com/watch?v=HBqlMe3G7-k,KC Videos archive,Kellyoke | Christmas Eve (Kelly Clarkson),9900,106
2019-12-20,1,72,72,Rockin' Around the Christmas Tree,Brenda Lee,Rock,1958,61,Kelly Clarkson,no,,,no,XxSzxf1cjD8,https://www.youtube.com/watch?v=XxSzxf1cjD8,KC Videos archive,Kellyoke | Rockin Around the Christmas Tree (Brenda Lee),15000,95
2019-12-23,1,73,73,Underneath the Tree,Kelly Clarkson,Pop,2013,6,Kelly Clarkson,no,,,no,7QuOKSkXim8,https://www.youtube.com/watch?v=7QuOKSkXim8,KC Videos archive,Kellyoke | Underneath the Tree (Kelly Clarkson),21000,111
2020-01-06,1,74,74,Strawberry Wine,Deana Carter,Country,1996,24,Kelly Clarkson,no,,,no,7xx89IxoZwQ,https://www.youtube.com/watch?v=7xx89IxoZwQ,KC Videos archive,Kellyoke | Strawberry Wine (Deana Carter),11000,108
2020-01-07,1,75,75,You and I,Lady Gaga,Country,2011,9,Kelly Clarkson,no,,,no,6DxnjzyAyqo,https://www.youtube.com/watch?v=6DxnjzyAyqo,KC Videos archive,Kellyoke | You & I (Lady Gaga),36000,106
2020-01-08,1,76,76,I'm Every Woman,Whitney Houston,Electronic,1978,42,Kelly Clarkson,no,,,no,tnfM7M0amAo,https://www.youtube.com/watch?v=tnfM7M0amAo,KC Videos archive,Kellyoke | I'm Every Woman (Whitney Houston),27000,113
2020-01-09,1,77,77,Something to Talk About,Bonnie Raitt,Pop,1991,29,Kelly Clarkson,no,,,no,y25mJkGYfsE,https://www.youtube.com/watch?v=y25mJkGYfsE,KC Videos archive,Kellyoke | Something To Talk About (Bonnie Raitt),15000,98
2020-01-10,1,78,78,Sunflower,Post Malone & Swae Lee,Pop,2018,2,Kelly Clarkson,no,,,no,S_NXTA3_1Hw,https://www.youtube.com/watch?v=S_NXTA3_1Hw,KC Videos archive,Kellyoke | Sunflower (Post Malone & Swae Lee),21000,92
2020-01-13,1,79,79,Hella Good,No Doubt,Pop,2002,18,Kelly Clarkson,no,,,no,QuJQwuXRCFo,https://www.youtube.com/watch?v=QuJQwuXRCFo,KC Videos archive,Kellyoke | Hella Good (No Doubt),11000,108
2020-01-14,1,80,80,Finesse,Bruno Mars & Cardi B,R&B / Soul,2018,2,Kelly Clarkson,no,,,no,_cvLL4CddVs,https://www.youtube.com/watch?v=_cvLL4CddVs,KC Videos archive,Kellyoke | Finesse (Bruno Mars),7000,104
2020-01-15,1,81,81,I Love It,Icona Pop featuring Charli XCX,Pop,2012,8,Kelly Clarkson,no,,,no,saVMZunpPJw,https://www.youtube.com/watch?v=saVMZunpPJw,KC Videos archive,Kellyoke | I Love It (Icona Pop),7100,90
2020-01-16,1,82,82,Ex's & Oh's,Elle King,Rock,2014,6,Kelly Clarkson,no,,,no,Hd6OtH6C6Jc,https://www.youtube.com/watch?v=Hd6OtH6C6Jc,KC Videos archive,Kellyoke | Ex's & Oh's (Elle King),19000,84
2020-01-20,1,83,83,Seven Nation Army,White Stripes,Rock,2003,17,Kelly Clarkson,no,,,no,Pj6FDpA9gXM,https://www.youtube.com/watch?v=Pj6FDpA9gXM,KC Videos archive,Kellyoke | Seven Nation Army (White Stripes),16000,105
2020-01-22,1,84,84,No Bad News,Patty Griffin,Country,,,Kelly Clarkson,no,,,no,Vn-QXYTE7X8,https://www.youtube.com/watch?v=Vn-QXYTE7X8,KC Videos archive,Kellyoke | No Bad News (Patty Griffin),5100,108
2020-01-30,1,85,85,Too Close,Alex Clare,R&B / Soul,2011,9,Kelly Clarkson,no,,,no,HESCte0xs6g,https://www.youtube.com/watch?v=HESCte0xs6g,KC Videos archive,Kellyoke | Too Close (Alex Care),5400,94
2020-01-31,1,86,86,All My Life,Foo Fighters,Rock,2002,18,Kelly Clarkson,no,,,no,JJV4RKDq5jQ,https://www.youtube.com/watch?v=JJV4RKDq5jQ,Other upload,,,
2020-02-03,1,87,87,"Sit Still, Look Pretty",Daya,Pop,2016,4,Kelly Clarkson,no,,,no,ewqBTvdouAM,https://www.youtube.com/watch?v=ewqBTvdouAM,KC Videos archive,"Kellyoke | Sit Still, Look Pretty (Daya)",7100,93
2020-02-04,1,88,88,I Don't Want to Miss a Thing,Aerosmith,Rock,1998,22,Kelly Clarkson,no,,,no,MUfHrsbwUCo,https://www.youtube.com/watch?v=MUfHrsbwUCo,KC Videos archive,Kellyoke | Don't Want To Miss A Thing (Aerosmith),117000,98
2020-02-05,1,89,89,Black Velvet,Alannah Myles,Country,1989,31,Kelly Clarkson,no,,,no,nYepl-M8PuQ,https://www.youtube.com/watch?v=nYepl-M8PuQ,KC Videos archive,Kellyoke | Black Velvet (Alannah Myles),120000,105
2020-02-06,1,90,90,I Hope You Dance,Lee Ann Womack,Country,2000,20,Kelly Clarkson,no,,,no,GgBgyak8l1k,https://www.youtube.com/watch?v=GgBgyak8l1k,KC Videos archive,Kellyoke | I Hope You Dance (Lee Ann Womack),17000,118
2020-02-07,1,91,91,I Am Here,P!nk,Pop,2017,3,Kelly Clarkson,no,,,no,MYDCZi16pyo,https://www.youtube.com/watch?v=MYDCZi16pyo,KC Videos archive,Kellyoke | I Am Here (Pink),11000,92
2020-02-10,1,92,92,Toxic,Britney Spears,Pop,2004,16,Kelly Clarkson,no,,,no,Qe25bW5yvs0,https://www.youtube.com/watch?v=Qe25bW5yvs0,KC Videos archive,Kellyoke | Toxic (Britney Spears),31000,94
2020-02-11,1,93,93,I'm with You,Avril Lavigne,Rock,2002,18,Kelly Clarkson,no,,,no,l4_GjfONnKQ,https://www.youtube.com/watch?v=l4_GjfONnKQ,KC Videos archive,Kellyoke | I'm With You (Avril Lavigne),368000,101
2020-02-12,1,94,94,We Belong,Pat Benatar,Rock,1984,36,Kelly Clarkson,no,,,no,3H8xqkALyx0,https://www.youtube.com/watch?v=3H8xqkALyx0,KC Videos archive,Kellyoke | We Belong (Pat Benatar),106000,108
2020-02-13,1,95,95,Here's A Quarter (Call Someone Who Cares),Travis Tritt,Country,1991,29,Kelly Clarkson,no,,,no,gBxMlwWwEWE,https://www.youtube.com/watch?v=gBxMlwWwEWE,KC Videos archive,Kellyoke | Here's  A Quarter (Call Someone Who Cares) (Travis Tritt),35000,107
2020-02-14,1,96,96,Hopelessly Devoted to You,Olivia Newton-John,Country,1978,42,Kelly Clarkson,no,,,no,st7fGxEKrjc,https://www.youtube.com/watch?v=st7fGxEKrjc,The Kelly Clarkson Show (official),Kelly Clarkson Covers 'Hopelessly Devoted To You' By Olivia Newton-John | Kellyoke,764000,126
2020-02-17,1,97,97,Dancing on My Own,Robyn,Pop,2010,10,Kelly Clarkson,no,,,no,bM7OW9rqy8c,https://www.youtube.com/watch?v=bM7OW9rqy8c,KC Videos archive,Kellyoke | Dancing On My Own (Robyn),7500,101
2020-02-18,1,98,98,I Like Me Better,Lauv,Pop,2017,3,Kelly Clarkson,no,,,no,aojVRVta-dQ,https://www.youtube.com/watch?v=aojVRVta-dQ,KC Videos archive,Kellyoke | I Like Me Better (Lauv),6400,93
2020-02-19,1,99,99,Everybody Got Their Something,Nikka Costa,R&B / Soul,2001,19,Kelly Clarkson,no,,,no,kYkbQcX6QK4,https://www.youtube.com/watch?v=kYkbQcX6QK4,KC Videos archive,Kellyoke | Everybody Got Their Something (Nikka Costa),4000,100
2020-02-20,1,100,100,I Want You to Want Me,Cheap Trick,Pop,1977,43,Kelly Clarkson,no,,,no,dst6utzOCq4,https://www.youtube.com/watch?v=dst6utzOCq4,KC Videos archive,Kellyoke | I Want You To Want Me (Cheap Trick),19000,94
2020-02-21,1,101,101,Someone You Loved,Lewis Capaldi,Pop,2018,2,Kelly Clarkson,no,,,no,O_a9lun8Krc,https://www.youtube.com/watch?v=O_a9lun8Krc,KC Videos archive,Kellyoke | Someone You Loved (Lewis Capaldi),16000,106
2020-02-24,1,102,102,Hold On,Wilson Phillips,Pop,1990,30,Kelly Clarkson,no,,,no,wMYkXUuaGTE,https://www.youtube.com/watch?v=wMYkXUuaGTE,KC Videos archive,Kellyoke | Hold On (Wilson Phillips),105000,144
2020-02-25,1,103,103,I'm the Only One,Melissa Etheridge,Rock,1993,27,Kelly Clarkson,no,,,no,d2QV6pD4ZqM,https://www.youtube.com/watch?v=d2QV6pD4ZqM,KC Videos archive,Kellyoke | I'm the Only One (Melissa Etheridge),6100,103
2020-02-26,1,104,104,Havana,Camila Cabello,Pop,2017,3,Kelly Clarkson,no,,,no,0VnGHNKs_lo,https://www.youtube.com/watch?v=0VnGHNKs_lo,KC Videos archive,Kellyoke | Havana (Camila Cabello),26000,99
2020-02-27,1,105,105,Some Guys Have All the Luck,Rod Stewart,R&B / Soul,1973,47,Kelly Clarkson,no,,,no,AwDZEwPaW7o,https://www.youtube.com/watch?v=AwDZEwPaW7o,KC Videos archive,Kellyoke | Some Guys Have All the Luck (Rod Stewart),5600,107
2020-02-28,1,106,106,Run To You,Whitney Houston,R&B / Soul,1993,27,Kelly Clarkson,no,,,no,xXGHTx5H4Lo,https://www.youtube.com/watch?v=xXGHTx5H4Lo,KC Videos archive,Kellyoke | Run To You (Whitney Houston),77000,118
2020-03-02,1,107,107,Close,Nick Jonas featuring Tove Lo,Pop,2016,4,Kelly Clarkson,no,,,no,XXdV5ebM4Wk,https://www.youtube.com/watch?v=XXdV5ebM4Wk,KC Videos archive,Kellyoke | Close (Nick Jonas ft. Tove Lo),6200,99
2020-03-03,1,108,108,Somebody That I Used to Know,Gotye featuring Kimbra,Pop,2011,9,Kelly Clarkson,no,,,no,1TPbgR2NuaA,https://www.youtube.com/watch?v=1TPbgR2NuaA,KC Videos archive,Kellyoke | Somebody That I Used To Know (Gotye),39000,99
2020-03-04,1,109,109,Can't Help Falling in Love,Elvis Presley,Pop,1961,59,Kelly Clarkson,no,,,no,q9v-ZgnhXlY,https://www.youtube.com/watch?v=q9v-ZgnhXlY,KC Videos archive,Kellyoke | Can't Help Falling In Love (Elvis Presley),8900,118
2020-03-05,1,110,110,Trampoline,Shaed and Zayn,Rock,2018,2,Kelly Clarkson,no,,,no,xPRP6PJ8-ps,https://www.youtube.com/watch?v=xPRP6PJ8-ps,KC Videos archive,Kellyoke | Trampoline (SHAED),4800,101
2020-03-06,1,111,111,(You Make Me Feel Like) A Natural Woman,Aretha Franklin,R&B / Soul,1967,53,Kelly Clarkson,no,,,no,RMXgg6_cB7E,https://www.youtube.com/watch?v=RMXgg6_cB7E,KC Videos archive,Kellyoke | Natural Woman (Aretha Franklin),440000,105
2020-03-09,1,112,112,Lose You to Love Me,Selena Gomez,Pop,2019,1,Kelly Clarkson,no,,,no,JL8gK11-D9Y,https://www.youtube.com/watch?v=JL8gK11-D9Y,KC Videos archive,Kellyoke | Lose You To Love Me (Selena Gomez),645000,111
2020-03-10,1,113,113,Graveyard,Halsey,Pop,2019,1,Kelly Clarkson,no,,,no,eTnCGgGb-2E,https://www.youtube.com/watch?v=eTnCGgGb-2E,KC Videos archive,Kellyoke | Graveyard (Halsey),11000,100
2020-03-11,1,114,114,Here,Alessia Cara,Pop,2015,5,Kelly Clarkson,no,,,no,T1RlOvji2CM,https://www.youtube.com/watch?v=T1RlOvji2CM,KC Videos archive,Kellyoke | Here (Alessia Cara),27000,105
2020-03-12,1,115,115,Whose Bed Have Your Boots Been Under?,Shania Twain,Country,1995,25,Kelly Clarkson,no,,,no,266jwccqFME,https://www.youtube.com/watch?v=266jwccqFME,KC Videos archive,Kellyoke | Whose Bed Have Your Boots Been Under (Shania Twain),103000,107
2020-03-13,1,116,116,I'll Stand By You,The Pretenders,Rock,1994,26,Kelly Clarkson,no,,,no,ydYynG7fM6Q,https://www.youtube.com/watch?v=ydYynG7fM6Q,KC Videos archive,Kellyoke | I'll Stand By You (The Pretenders),53000,101
2020-03-16,1,117,117,If,Janet Jackson,R&B / Soul,1993,27,Kelly Clarkson,no,,,no,SWLcejRLgfo,https://www.youtube.com/watch?v=SWLcejRLgfo,KC Videos archive,Kellyoke | If (Janet Jackson),26000,102
2020-03-17,1,118,118,The Power of Love,Huey Lewis and the News,Rock,1985,35,Kelly Clarkson,no,,,no,6VwITdrLaHU,https://www.youtube.com/watch?v=6VwITdrLaHU,KC Videos archive,Kellyoke | Power of Love (Huey Lewis),24000,111
2020-03-18,1,119,119,Heaven,Bryan Adams,Rock,2023,,Kelly Clarkson,no,,,no,RJD7Q6yRWEU,https://www.youtube.com/watch?v=RJD7Q6yRWEU,KC Videos archive,Kellyoke | Heaven (Bryan Adams),158000,101
2020-03-19,1,120,120,Walking After Midnight,Patsy Cline,Country,1957,63,Kelly Clarkson,no,,,no,eAkPzgX3CYE,https://www.youtube.com/watch?v=eAkPzgX3CYE,KC Videos archive,Kellyoke | Walkin After Midnight (Patsy Cline),4200,110
2020-03-23,1,121,121,Home,Marc Broussard,Pop,2005,15,Kelly Clarkson,no,,,no,QJDl4AzY6m8,https://www.youtube.com/watch?v=QJDl4AzY6m8,KC Videos archive,Kellyoke | Home (Marc Broussard),14000,100
2020-03-24,1,122,122,Dreams,The Cranberries,Rock,2015,5,Kelly Clarkson,no,,,no,aeaAd8-OoNw,https://www.youtube.com/watch?v=aeaAd8-OoNw,KC Videos archive,Kellyoke | Dreams (The Cranberries),45000,101
2020-03-25,1,123,123,Too Good at Goodbyes,Sam Smith,Pop,2017,3,Kelly Clarkson,no,,,no,x2jaAoIP-nk,https://www.youtube.com/watch?v=x2jaAoIP-nk,KC Videos archive,Kellyoke | Too Good At Goodbyes (Sam Smith),203000,118
2020-04-06,1,124,124,How Could an Angel Break My Heart,Toni Braxton,R&B / Soul,1997,23,Kelly Clarkson,no,,,no,Nb1pRMZICA0,https://www.youtube.com/watch?v=Nb1pRMZICA0,KC Videos archive,Kellyoke | How Could An Angel Break My Heart (Toni Braxton),33000,112
2020-04-07,1,125,125,Tequila,Dan + Shay,Country,2018,2,Kelly Clarkson,no,,,no,RBf6ZRSqRyc,https://www.youtube.com/watch?v=RBf6ZRSqRyc,KC Videos archive,Kellyoke | Tequila (Dan + Shay),76000,95
2020-04-08,1,126,126,Relating to a Psychopath,Macy Gray,R&B / Soul,,,Kelly Clarkson,no,,,no,eGOAQBFbn00,https://www.youtube.com/watch?v=eGOAQBFbn00,KC Videos archive,Kellyoke | Relating To A Psychopath (Macy Gray),7800,104
2020-04-10,1,127,127,Just Sing,,Pop,,,Kelly Clarkson,no,,,no,hXzlMljFIkc,https://www.youtube.com/watch?v=hXzlMljFIkc,KC Videos archive,Kellyoke | Just Sing,6100,127
2020-04-16,1,128,128,I Dare You,Kelly Clarkson,Pop,2020,0,Kelly Clarkson,no,,,no,f_cxABWIA9E,https://www.youtube.com/watch?v=f_cxABWIA9E,KC Videos archive,Kellyoke (Classic) | I Dare You (Appelle Ton Amour),5200,132
2020-04-23,1,129,129,Focus,H.E.R,R&B / Soul,2016,4,Kelly Clarkson,no,,,no,tzIhCzzLnuU,https://www.youtube.com/watch?v=tzIhCzzLnuU,KC Videos archive,Kellyoke | Focus (H.E.R.),13000,94
2020-04-28,1,130,130,Graveyard,Halsey,Pop,2019,1,Kelly Clarkson,no,,,yes,eTnCGgGb-2E,https://www.youtube.com/watch?v=eTnCGgGb-2E,KC Videos archive,Kellyoke | Graveyard (Halsey),11000,100
2020-04-30,1,131,131,Like a Prayer,Madonna,Rock,1989,31,Kelly Clarkson,no,,,no,qH4lt54k71E,https://www.youtube.com/watch?v=qH4lt54k71E,KC Videos archive,Kellyoke | Like A Prayer (Madonna),50000,96
2020-05-07,1,132,132,You'll Never Know,Rosemary Clooney,Pop,,,Kelly Clarkson,no,,,no,CPI728kqUYs,https://www.youtube.com/watch?v=CPI728kqUYs,KC Videos archive,Kellyoke | You'll Never Know (Rosemary Clooney),4900,97
2020-05-14,1,133,133,Little Bird,Annie Lennox,Electronic,1993,27,Kelly Clarkson,no,,,no,veSTfVhyKtc,https://www.youtube.com/watch?v=veSTfVhyKtc,KC Videos archive,Kellyoke | Little Bird (Annie Lennox),6800,98
2020-05-18,1,134,134,You Say,Lauren Daigle,Gospel,2018,2,Kelly Clarkson,no,,,no,RJi8kspDPiE,https://www.youtube.com/watch?v=RJi8kspDPiE,KC Videos archive,Kellyoke | You Say (Lauren Daigle),196000,136
2020-05-19,1,135,135,We Are Family,Sister Sledge,Electronic,1979,41,Kelly Clarkson,no,,,no,CVkZQO3xy6o,https://www.youtube.com/watch?v=CVkZQO3xy6o,KC Videos archive,Kellyoke | We Are Family (Sister Sledge),6200,116
2020-05-20,1,136,136,Where Did Our Love Go?,The Supremes,R&B / Soul,1964,56,Kelly Clarkson,no,,,no,wG9oj0w_mww,https://www.youtube.com/watch?v=wG9oj0w_mww,KC Videos archive,Kellyoke | Where Did Our Love Go (The Supremes),9500,97
2020-05-28,1,137,137,Kokomo,The Beach Boys,Rock,1988,32,Kelly Clarkson,no,,,no,jNbag0XgyG4,https://www.youtube.com/watch?v=jNbag0XgyG4,KC Videos archive,Kellyoke | Kokomo (The Beach Boys),52000,107
2020-06-01,1,138,138,Pontoon,Little Big Town,Country,2012,8,Kelly Clarkson,no,,,no,O0fpliS5niY,https://www.youtube.com/watch?v=O0fpliS5niY,KC Videos archive,Kellyoke | Pontoon (Little Big Town),11000,105
2020-06-11,1,139,139,Believe Me Baby (I Lied),Trisha Yearwood,Country,1996,24,Kelly Clarkson,no,,,no,s9Winrm095s,https://www.youtube.com/watch?v=s9Winrm095s,KC Videos archive,Kellyoke | Believe Me Baby I Lied (Trisha Yearwood),119000,155
2020-06-15,1,140,140,I Still Haven't Found What I'm Looking For,U2,Rock,1987,33,Kelly Clarkson,no,,,no,u0e4F0MqMCA,https://www.youtube.com/watch?v=u0e4F0MqMCA,KC Videos archive,Kellyoke | I Still Haven't Found What I'm Looking For (U2),44000,92
2020-06-16,1,141,141,Chain of Fools,Aretha Franklin,R&B / Soul,1967,53,Kelly Clarkson,no,,,no,4Fn8j7qMSgc,https://www.youtube.com/watch?v=4Fn8j7qMSgc,KC Videos archive,Kellyoke | Chain of Fools (Aretha Franklin),53000,94
2020-06-17,1,142,142,There She Goes,Sixpence None the Richer,Pop,1988,32,Kelly Clarkson,no,,,no,ENNUZd4T6vA,https://www.youtube.com/watch?v=ENNUZd4T6vA,KC Videos archive,Kellyoke | There She Goes (Sixpence None the Richer),8700,101
2020-06-18,1,143,143,Sweet Dreams (Are Made of This),Eurythmics,Pop,1983,37,Kelly Clarkson,no,,,no,C9fHiCZYS3k,https://www.youtube.com/watch?v=C9fHiCZYS3k,KC Videos archive,Kellyoke | Sweet Dreams (The Eurythmics),105000,110
2020-06-19,1,144,144,I'd Rather Go Blind,Etta James,R&B / Soul,1967,53,Kelly Clarkson,no,,,no,-RrvFQuWtbg,https://www.youtube.com/watch?v=-RrvFQuWtbg,KC Videos archive,Kellyoke | I'd Rather Go Blind (Etta James),142000,110
2020-06-22,1,145,145,Be My Baby,The Ronettes,Pop,1963,57,Kelly Clarkson,no,,,no,X99xay-7y7g,https://www.youtube.com/watch?v=X99xay-7y7g,KC Videos archive,Kellyoke | Be My Baby (The Ronettes),41000,97
2020-06-23,1,146,146,Señorita,Shawn Mendes with Camila Cabello,Latin,2019,1,Kelly Clarkson,no,,,no,p3_5Jn0P87o,https://www.youtube.com/watch?v=p3_5Jn0P87o,KC Videos archive,Kellyoke | Senorita (Shawn Mendes),10000,90
2020-06-24,1,147,147,Unpretty,TLC,Rock,1999,21,Kelly Clarkson,no,,,no,sPzZ2fJdho0,https://www.youtube.com/watch?v=sPzZ2fJdho0,KC Videos archive,Kellyoke | Unpretty (TLC),13000,95
2020-06-25,1,148,148,Stay (I Missed You),Lisa Loeb & Nine Stories,Pop,,,Kelly Clarkson,no,,,no,OInmwMYjxWk,https://www.youtube.com/watch?v=OInmwMYjxWk,KC Videos archive,Kellyoke | Stay (Lisa Loeb),11000,98
2020-06-26,1,149,149,Cowboy Take Me Away,The Dixie Chicks,Country,1999,21,Kelly Clarkson,no,,,no,-z-FvoK60E0,https://www.youtube.com/watch?v=-z-FvoK60E0,KC Videos archive,Kellyoke | Cowboy Take Me Away (The Chicks),29000,100
2020-06-29,1,150,150,You Need to Calm Down,Taylor Swift,Pop,2019,1,Kelly Clarkson,no,,,no,ZdxWkiYtrPs,https://www.youtube.com/watch?v=ZdxWkiYtrPs,KC Videos archive,Kellyoke | You Need To Calm Down (Taylor Swift),28000,106
2020-06-30,1,151,151,Every Breath You Take,The Police,Rock,1983,37,Kelly Clarkson,no,,,no,dPfDLq4yGEI,https://www.youtube.com/watch?v=dPfDLq4yGEI,KC Videos archive,Kellyoke | Every Breath You Take (The Police),54000,106
2020-07-01,1,152,152,Just Like Heaven,The Cure,Rock,1987,33,Kelly Clarkson,no,,,no,r31UFg5oCSg,https://www.youtube.com/watch?v=r31UFg5oCSg,KC Videos archive,Kellyoke | Just Like Heaven (The Cure),30000,98
2020-07-02,1,153,153,It's Quiet Uptown,,Musical theatre,2015,5,Kelly Clarkson,no,,,no,aMm9SyEnb0c,https://www.youtube.com/watch?v=aMm9SyEnb0c,KC Videos archive,Kellyoke | It's Quiet Uptown,16000,99
2020-07-06,1,154,154,Circles,Post Malone,Rock,2019,1,Kelly Clarkson,no,,,no,weKHGyaVoi4,https://www.youtube.com/watch?v=weKHGyaVoi4,KC Videos archive,Kellyoke | Circles (Post Malone),9500,102
2020-07-07,1,155,155,Issues,Julia Michaels,Pop,2017,3,Kelly Clarkson,no,,,no,GdBERf2ghzo,https://www.youtube.com/watch?v=GdBERf2ghzo,KC Videos archive,Kellyoke | Issues (Julia Michaels),16000,99
2020-07-08,1,156,156,How Will I Know,Whitney Houston,R&B / Soul,1985,35,Kelly Clarkson,no,,,no,5ekqKkMR5J0,https://www.youtube.com/watch?v=5ekqKkMR5J0,KC Videos archive,Kellyoke | How Will I Know (Whitney Houston),218000,98
2020-07-09,1,157,157,Why Not Me,The Judds,Country,1984,36,Kelly Clarkson,no,,,no,71EfyWYXDUU,https://www.youtube.com/watch?v=71EfyWYXDUU,KC Videos archive,Kellyoke | Why Not Me (The Judds),42000,100
2020-07-13,1,158,158,The Climb,Miley Cyrus,Country,2009,11,Kelly Clarkson,no,,,no,F55hLEwS7Cw,https://www.youtube.com/watch?v=F55hLEwS7Cw,KC Videos archive,Kellyoke | The Climb (Miley Cyrus),101000,97
2020-07-14,1,159,159,Linger,The Cranberries,Rock,1993,27,Kelly Clarkson,no,,,no,E_qxj14vHdY,https://www.youtube.com/watch?v=E_qxj14vHdY,KC Videos archive,Kellyoke | Linger (The Cranberries),65000,96
2020-07-15,1,160,160,I'm Like a Bird,Nelly Furtado,World,2000,20,Kelly Clarkson,no,,,no,kcFVPdRJFh8,https://www.youtube.com/watch?v=kcFVPdRJFh8,KC Videos archive,Kellyoke | I'm Like A Bird (Nelly Furtado),22000,106
2020-08-03,1,161,161,How Do You Sleep?,Sam Smith,Pop,2019,1,Kelly Clarkson,no,,,no,GP0SO3Bp4yE,https://www.youtube.com/watch?v=GP0SO3Bp4yE,KC Videos archive,Kellyoke | How Do You Sleep (Sam Smith),30000,103
2020-08-04,1,162,162,Blame It on Your Heart,Patty Loveless,Country,1993,27,Kelly Clarkson,no,,,no,kCqjGqA4YpU,https://www.youtube.com/watch?v=kCqjGqA4YpU,KC Videos archive,Kellyoke | Blame It On Your Heart (Patty Loveless),27000,99
2020-08-05,1,163,163,Moral of the Story,Ashe and Niall Horan,Pop,2019,1,Kelly Clarkson,no,,,no,VfdMq85aVHk,https://www.youtube.com/watch?v=VfdMq85aVHk,KC Videos archive,Kellyoke | Moral of the Story (Ashe),14000,99
2020-08-06,1,164,164,I'm Movin' On,Rascal Flatts,Country,2001,19,Kelly Clarkson,no,,,no,xth0hEEvDtc,https://www.youtube.com/watch?v=xth0hEEvDtc,KC Videos archive,Kellyoke | I'm Movin On (Rascal Flatts),87000,111
2020-08-10,1,165,165,Heartbreak Hotel,Elvis Presley,Jazz / Blues,1956,64,Kelly Clarkson,no,,,no,bx9z-IWY77I,https://www.youtube.com/watch?v=bx9z-IWY77I,KC Videos archive,Kellyoke | Heartbreak Hotel (Elvis Presley),81000,100
2020-08-11,1,166,166,Secret Garden,Bruce Springsteen,Rock,1995,25,Kelly Clarkson,no,,,no,5uh9kCGjM4Q,https://www.youtube.com/watch?v=5uh9kCGjM4Q,KC Videos archive,Kellyoke | Secret Garden (Bruce Springsteen),4600,105
2020-08-12,1,167,167,Always On My Mind,Willie Nelson,Country,1972,48,Kelly Clarkson,no,,,no,pbi9V8GRjg8,https://www.youtube.com/watch?v=pbi9V8GRjg8,KC Videos archive,Kellyoke | Always On My Mind (Willie Nelson),101000,104
2020-08-13,1,168,168,Say Something,A Great Big World featuring Christina Aguilera,Pop,2013,7,Kelly Clarkson,no,,,no,ObtnjPH__d0,https://www.youtube.com/watch?v=ObtnjPH__d0,KC Videos archive,Kellyoke | Say Something (A Great Big World ft. Christina Aguilera),119000,100
2020-08-17,1,169,169,I Don't Wanna Be You Anymore,Billie Eilish,Pop,,,Kelly Clarkson,no,,,no,e7Lm4pu6EjU,https://www.youtube.com/watch?v=e7Lm4pu6EjU,KC Videos archive,Kellyoke | idontwannabeyouanymore (Billie Eilish),19000,111
2020-08-18,1,170,170,I Can't Help Myself (Sugar Pie Honey Bunch),Four Tops,R&B / Soul,1965,55,Kelly Clarkson,no,,,no,II8AZJ0emSU,https://www.youtube.com/watch?v=II8AZJ0emSU,KC Videos archive,Kellyoke | Can't Help Myself (Four Tops),84000,83
2020-08-19,1,171,171,These Boots Are Made for Walkin',Nancy Sinatra,Rock,1965,55,Kelly Clarkson,no,,,no,tTHlcuQ6nJ8,https://www.youtube.com/watch?v=tTHlcuQ6nJ8,KC Videos archive,Kellyoke | These Boots Are Made For Walking (Nancy Sinatra),19000,98
2020-08-20,1,172,172,Poison and Wine,The Civil Wars,Country,,,Kelly Clarkson,no,,,no,XdN_ykRk9Dw,https://www.youtube.com/watch?v=XdN_ykRk9Dw,KC Videos archive,Kellyoke | Poison & Wine (The Civil Wars),74000,120
2020-08-24,1,173,173,Don't Play That Song,Aretha Franklin,R&B / Soul,,,Kelly Clarkson,no,,,no,unExa2oVygk,https://www.youtube.com/watch?v=unExa2oVygk,KC Videos archive,Kellyoke | Don't Play That Song (Aretha Franklin),86000,107
2020-08-25,1,174,174,I Follow Rivers,Lykke Li,Pop,2011,9,Kelly Clarkson,no,,,no,cwJ90QtgZuc,https://www.youtube.com/watch?v=cwJ90QtgZuc,KC Videos archive,Kellyoke | I Follow Rivers (Lykke Li),5600,98
2020-08-26,1,175,175,Unbelievable,EMF,Rock,1990,30,Kelly Clarkson,no,,,no,1iVP25_TGcc,https://www.youtube.com/watch?v=1iVP25_TGcc,KC Videos archive,Kellyoke | Unbelievable (EMF),8200,90
2020-08-27,1,176,176,Exhale (Shoop Shoop),Whitney Houston,R&B / Soul,1995,25,Kelly Clarkson,no,,,no,ok5FwIyCDvQ,https://www.youtube.com/watch?v=ok5FwIyCDvQ,KC Videos archive,Kellyoke | Exhale (Shoop Shoop) (Whitney Houston),24000,118
2020-08-31,1,177,177,T-R-O-U-B-L-E,Travis Tritt,Rock,1975,45,Kelly Clarkson,no,,,no,EJ7YkDWhRCk,https://www.youtube.com/watch?v=EJ7YkDWhRCk,KC Videos archive,Kellyoke | T-R-O-U-B-L-E (Travis Tritt),86000,112
2020-09-01,1,178,178,I Saw the Light,Wynonna Judd,Country,1992,28,Kelly Clarkson,no,,,no,Hwv4BtGBsDk,https://www.youtube.com/watch?v=Hwv4BtGBsDk,KC Videos archive,Kellyoke | I Saw the Light (Wynonna Judd),20000,100
2020-09-02,1,179,179,I Heard It Through the Grapevine,Marvin Gaye,R&B / Soul,1967,53,Kelly Clarkson,no,,,no,zhZ9y5vEid8,https://www.youtube.com/watch?v=zhZ9y5vEid8,KC Videos archive,Kellyoke | I Heard It Through the Grapevine (Marvin Gaye),31000,102
2020-09-03,1,180,180,She's Country,Jason Aldean,Country,2008,12,Kelly Clarkson,no,,,no,nAbVNM_taNg,https://www.youtube.com/watch?v=nAbVNM_taNg,KC Videos archive,Kellyoke | She's Country (Jason Aldean),14000,95
2020-09-21,2,181,1,Classic Television theme songs,,,,,Kelly Clarkson,no,,,no,hH3ucwLncDw,https://www.youtube.com/watch?v=hH3ucwLncDw,KC Videos archive,Kellyoke | TV Theme Song Medley,38000,256
2020-09-22,2,182,2,Good as Hell,Lizzo,R&B / Soul,2016,4,Kelly Clarkson,no,,,no,QOb6oCTHZw0,https://www.youtube.com/watch?v=QOb6oCTHZw0,KC Videos archive,Kellyoke | Good As Hell (Lizzo),115000,105
2020-09-23,2,183,3,Adore You,Harry Styles,R&B / Soul,2019,1,Kelly Clarkson,no,,,no,XBOtxQ5KU1A,https://www.youtube.com/watch?v=XBOtxQ5KU1A,KC Videos archive,Kellyoke | Adore You (Harry Styles),29000,100
2020-09-24,2,184,4,Tennessee Whiskey,Chris Stapleton,Country,1981,39,Kelly Clarkson,no,,,no,vgHRAU-Zc9A,https://www.youtube.com/watch?v=vgHRAU-Zc9A,KC Videos archive,Kellyoke | Tennessee Whiskey (Chris Stapleton),1200000,105
2020-09-25,2,185,5,Confident,Demi Lovato,Pop,2015,5,Kelly Clarkson,no,,,no,DG-eccOD2hM,https://www.youtube.com/watch?v=DG-eccOD2hM,KC Videos archive,Kellyoke | Confident (Demi Lovato),124000,105
2020-09-28,2,186,6,Perfect,Ed Sheeran,Pop,2017,3,Kelly Clarkson,no,,,no,kDnrn96D1KA,https://www.youtube.com/watch?v=kDnrn96D1KA,KC Videos archive,Kellyoke | Perfect (Ed Sheeran),229000,108
2020-09-29,2,187,7,Dreaming of You,Selena,Pop,1995,25,Kelly Clarkson,no,,,no,_0tbaHRGB8c,https://www.youtube.com/watch?v=_0tbaHRGB8c,KC Videos archive,Kellyoke | Dreaming of You (Selena),271000,112
2020-09-30,2,188,8,Adorn,Miguel,R&B / Soul,2012,8,Kelly Clarkson,no,,,no,rUCFRLKSzTw,https://www.youtube.com/watch?v=rUCFRLKSzTw,KC Videos archive,Kellyoke | Adorn (Miguel),8800,104
2020-10-01,2,189,9,Closer,Tegan and Sara,Pop,2012,8,Kelly Clarkson,no,,,no,Nd-dgHxo9Vk,https://www.youtube.com/watch?v=Nd-dgHxo9Vk,KC Videos archive,Kellyoke | Closer (Tegan and Sara),42000,103
2020-10-02,2,190,10,Love Shack,The B-52's,Rock,1989,31,Kelly Clarkson,no,,,no,BMnPHqayu9s,https://www.youtube.com/watch?v=BMnPHqayu9s,KC Videos archive,Kellyoke | Love Shack (B-52s),14000,96
2020-10-05,2,191,11,My Future,Billie Eilish,Pop,2020,0,Kelly Clarkson,no,,,no,nhYyH75FuWM,https://www.youtube.com/watch?v=nhYyH75FuWM,KC Videos archive,Kellyoke | My Future (Billie Eilish),19000,103
2020-10-06,2,192,12,The First Cut Is the Deepest,Sheryl Crow,Pop,1967,53,Kelly Clarkson,no,,,no,Z4tiXyNbypo,https://www.youtube.com/watch?v=Z4tiXyNbypo,KC Videos archive,Kellyoke | The First Cut Is the Deepest (Cat Stevens),22000,79
2020-10-07,2,193,13,Ring of Fire,Johnny Cash,Country,1963,57,Kelly Clarkson,no,,,no,j8O6L8_Q-tE,https://www.youtube.com/watch?v=j8O6L8_Q-tE,KC Videos archive,Kellyoke | Ring of Fire (Johnny Cash),70000,96
2020-10-08,2,194,14,Don't Start Now,Dua Lipa,Electronic,2019,1,Kelly Clarkson,no,,,no,eZLy10hUZiE,https://www.youtube.com/watch?v=eZLy10hUZiE,KC Videos archive,Kellyoke | Don't Start Now (Dua Lipa),92000,95
2020-10-09,2,195,15,I Can't Make You Love Me,Bonnie Raitt,Pop,1991,29,Kelly Clarkson,no,,,no,OUJqjs4TdDI,https://www.youtube.com/watch?v=OUJqjs4TdDI,KC Videos archive,Kellyoke | I Can't Make You Love Me (Bonnie Raitt),40000,106
2020-10-12,2,196,16,Criminal,Fiona Apple,Jazz / Blues,1997,23,Kelly Clarkson,no,,,no,H28E3Att2hI,https://www.youtube.com/watch?v=H28E3Att2hI,KC Videos archive,Kellyoke | Criminal (Fiona Apple),48000,102
2020-10-13,2,197,17,The Scientist,Coldplay,Rock,2002,18,Kelly Clarkson,no,,,no,BPLj0xN2Y_4,https://www.youtube.com/watch?v=BPLj0xN2Y_4,KC Videos archive,Kellyoke | The Scientist (Coldplay),134000,98
2020-10-14,2,198,18,No One Needs to Know,Shania Twain,Country,1996,24,Kelly Clarkson,no,,,no,Z4EZFmFqrMs,https://www.youtube.com/watch?v=Z4EZFmFqrMs,KC Videos archive,Kellyoke | No One Needs To Know (Shania Twain),61000,103
2020-10-15,2,199,19,Dancing in the Dark,Bruce Springsteen,Rock,1972,48,Kelly Clarkson,no,,,no,7hNx1JIrHTk,https://www.youtube.com/watch?v=7hNx1JIrHTk,KC Videos archive,Kellyoke | Dancing in the Dark (Bruce Springsteen),52000,102
2020-10-16,2,200,20,Bulletproof,La Roux,Pop,2009,11,Kelly Clarkson,no,,,no,oLTomlszSPA,https://www.youtube.com/watch?v=oLTomlszSPA,KC Videos archive,Kellyoke | Bulletproof (La Roux),30000,100
2020-10-19,2,201,21,I'm Sorry,Blake Shelton,Country,,,Kelly Clarkson,no,,,no,S3Or_v5uOr0,https://www.youtube.com/watch?v=S3Or_v5uOr0,KC Videos archive,Kellyoke | I'm Sorry (Blake Shelton),52000,115
2020-10-20,2,202,22,Don't Know Why,Norah Jones,Pop,2002,18,Kelly Clarkson,no,,,no,AJfzvLsCE2k,https://www.youtube.com/watch?v=AJfzvLsCE2k,KC Videos archive,Kellyoke | Don't Know Why (Norah Jones),13000,112
2020-10-21,2,203,23,Torn,Natalie Imbruglia,Rock,1995,25,Kelly Clarkson,no,,,no,9BHJC5Q9VxI,https://www.youtube.com/watch?v=9BHJC5Q9VxI,KC Videos archive,Kellyoke | Torn (Natalie Imbruglia),349000,100
2020-10-22,2,204,24,"Heads Carolina, Tails California",Jo Dee Messina,Country,1996,24,Kelly Clarkson,no,,,no,fyIv0tqiLHM,https://www.youtube.com/watch?v=fyIv0tqiLHM,KC Videos archive,"Kellyoke | Heads Carolina, Tails California (Jo Dee Messina)",87000,110
2020-10-23,2,205,25,Watermelon Sugar,Harry Styles,Rock,2019,1,Kelly Clarkson,no,,,no,7BkVd12PJ8o,https://www.youtube.com/watch?v=7BkVd12PJ8o,KC Videos archive,Kellyoke | Watermelon Sugar (Harry Styles),58000,97
2020-10-26,2,206,26,Cryin',Aerosmith,Metal,1993,27,Kelly Clarkson,no,,,no,fAx-ZV3E-HE,https://www.youtube.com/watch?v=fAx-ZV3E-HE,KC Videos archive,Kellyoke | Cryin' (Aerosmith),270000,96
2020-10-27,2,207,27,Whataya Want From Me,Adam Lambert,Rock,2009,11,Kelly Clarkson,no,,,no,4y6o5bAMxq0,https://www.youtube.com/watch?v=4y6o5bAMxq0,KC Videos archive,Kellyoke | Whataya Want From Me (Adam Lambert),434000,103
2020-10-28,2,208,28,Don't Take the Money,Bleachers,Pop,2017,3,Kelly Clarkson,no,,,no,wm0kdG-twZE,https://www.youtube.com/watch?v=wm0kdG-twZE,KC Videos archive,Kellyoke | Don't Take the Money (Bleachers),38000,95
2020-10-29,2,209,29,What's Up?,4 Non Blondes,Rock,1993,27,Kelly Clarkson,no,,,no,zBFot4Lck-s,https://www.youtube.com/watch?v=zBFot4Lck-s,KC Videos archive,Kellyoke | What's Up (4 Non Blondes),377000,107
2020-10-30,2,210,30,Stayin' Alive,Bee Gees,Electronic,1977,43,Kelly Clarkson,no,,,no,EPO9djUtLto,https://www.youtube.com/watch?v=EPO9djUtLto,KC Videos archive,Kellyoke | Stayin' Alive (Bee Gees),43000,118
2020-11-02,2,211,31,It's My Life,Bon Jovi,Rock,2000,20,Kelly Clarkson,no,,,no,cJlX7yHZiXY,https://www.youtube.com/watch?v=cJlX7yHZiXY,KC Videos archive,Kellyoke | It's My Life (Bon Jovi),501000,98
2020-11-03,2,212,32,Mr. Brightside,The Killers,Rock,2003,17,Kelly Clarkson,no,,,no,zU1uiTZdw8A,https://www.youtube.com/watch?v=zU1uiTZdw8A,KC Videos archive,Kellyoke | Mr. Brightside (The Killers),291000,96
2020-11-04,2,213,33,Cold,Annie Lennox,Pop,1992,28,Kelly Clarkson,no,,,no,ys70Z7qUFT4,https://www.youtube.com/watch?v=ys70Z7qUFT4,KC Videos archive,Kellyoke | Cold (Annie Lennox),17000,123
2020-11-05,2,214,34,No One Else on Earth,Wynonna Judd,Country,1992,28,Kelly Clarkson,no,,,no,bYxBrDjUdPs,https://www.youtube.com/watch?v=bYxBrDjUdPs,KC Videos archive,Kellyoke | No One Else On Earth (Wynonna),37000,107
2020-11-06,2,215,35,She Works Hard for the Money,Donna Summer,Rock,1983,37,Kelly Clarkson,no,,,no,lfSmi0zX_gQ,https://www.youtube.com/watch?v=lfSmi0zX_gQ,KC Videos archive,Kellyoke | She Works Hard for the Money (Donna Summer),34000,98
2020-11-09,2,216,36,Dream On,Aerosmith,Rock,1973,47,Kelly Clarkson,no,,,no,5duPb8pVmtI,https://www.youtube.com/watch?v=5duPb8pVmtI,KC Videos archive,Kellyoke | Dream On (Aerosmith),1200000,97
2020-11-10,2,217,37,Maybe It Was Memphis,Pam Tillis,Country,1991,29,Kelly Clarkson,no,,,no,5EYSNpI7pcE,https://www.youtube.com/watch?v=5EYSNpI7pcE,KC Videos archive,Kellyoke | Maybe It Was Memphis (Pam Tillis),47000,95
2020-11-11,2,218,38,America the Beautiful,,,,,Kelly Clarkson,no,,,no,GX11KKs_OHs,https://www.youtube.com/watch?v=GX11KKs_OHs,KC Videos archive,Kellyoke | America the Beautiful,8200,116
2020-11-12,2,219,39,Cain,EXES,,,,Kelly Clarkson,no,,,no,JPn8sFjTPuk,https://www.youtube.com/watch?v=JPn8sFjTPuk,KC Videos archive,Kellyoke | Cain (EXES),17000,104
2020-11-13,2,220,40,It Matters to Me,Faith Hill,Country,1995,25,Kelly Clarkson,no,,,no,r3aXksUOOAQ,https://www.youtube.com/watch?v=r3aXksUOOAQ,KC Videos archive,Kellyoke | It Matters to Me (Faith Hill),42000,82
2020-11-16,2,221,41,Fast as You,Dwight Yoakam,Country,1993,27,Kelly Clarkson,no,,,no,7ETsiOiNbg4,https://www.youtube.com/watch?v=7ETsiOiNbg4,KC Videos archive,Kellyoke | Fast As You (Dwight Yoakam),14000,103
2020-11-17,2,222,42,All This Love,JP Cooper,R&B / Soul,,,Kelly Clarkson,no,,,no,CFuUqkAD4fg,https://www.youtube.com/watch?v=CFuUqkAD4fg,KC Videos archive,Kellyoke | All This Love (JP Cooper),22000,101
2020-11-18,2,223,43,Will You Still Love Me Tomorrow,Amy Winehouse,R&B / Soul,1960,60,Kelly Clarkson,no,,,no,kH14x2xVQSU,https://www.youtube.com/watch?v=kH14x2xVQSU,KC Videos archive,Kellyoke | Will You Still Love Me Tomorrow (Amy Winehouse version),27000,111
2020-11-19,2,224,44,A Little Respect,Erasure,Pop,1988,32,Kelly Clarkson,no,,,no,96uFBpXh9fg,https://www.youtube.com/watch?v=96uFBpXh9fg,KC Videos archive,Kellyoke | A Little Respect (Erasure),74000,99
2020-11-20,2,225,45,Somewhere Only We Know,Keane,Rock,2004,16,Kelly Clarkson,no,,,no,Jw4xAEW-1i4,https://www.youtube.com/watch?v=Jw4xAEW-1i4,KC Videos archive,Kellyoke | Somewhere Only We Know (Keane),329000,108
2020-11-23,2,226,46,Let Me Down Easy,Billy Currington,Country,2010,10,Kelly Clarkson,no,,,no,bRQf-TNJYyw,https://www.youtube.com/watch?v=bRQf-TNJYyw,KC Videos archive,Kellyoke | Let Me Down Easy (Billy Currington),28000,101
2020-11-24,2,227,47,Love Me Like a Man,Bonnie Raitt,Rock,,,Kelly Clarkson,no,,,no,L0Ljg1npsYQ,https://www.youtube.com/watch?v=L0Ljg1npsYQ,KC Videos archive,Kellyoke | Love Me Like A Man (Bonnie Raitt),15000,112
2020-11-25,2,228,48,Need You Now,Lady A,Country,2009,11,Kelly Clarkson,no,,,no,8jHV6pMU-Kg,https://www.youtube.com/watch?v=8jHV6pMU-Kg,KC Videos archive,Kellyoke | Need You Now (Lady A),507000,119
2020-11-30,2,229,49,Sorry,Justin Bieber,Reggae,2015,5,Kelly Clarkson,no,,,no,lYMtwfGVFyk,https://www.youtube.com/watch?v=lYMtwfGVFyk,KC Videos archive,Kellyoke | Sorry (Justin Bieber),31000,106
2020-12-01,2,230,50,Blue Bayou,Linda Ronstadt,Country,1963,57,Kelly Clarkson,no,,,no,z8301IOPh2I,https://www.youtube.com/watch?v=z8301IOPh2I,KC Videos archive,Kellyoke | Blue Bayou (Linda Ronstadt),39000,113
2020-12-02,2,231,51,A Fool in Love,Tina Turner,R&B / Soul,1960,60,Kelly Clarkson,no,,,no,JNQha9JNZMg,https://www.youtube.com/watch?v=JNQha9JNZMg,KC Videos archive,Kellyoke |  A Fool In Love (Tina Turner),88000,102
2020-12-03,2,232,52,No Tears Left to Cry,Ariana Grande,Pop,2018,2,Kelly Clarkson,no,,,no,dv_SjUY4odI,https://www.youtube.com/watch?v=dv_SjUY4odI,KC Videos archive,Kellyoke | No Tears Left To Cry (Ariana Grande),156000,103
2020-12-04,2,233,53,Addicted to Love,Robert Palmer,Rock,1986,34,Kelly Clarkson,no,,,no,CsPveiOFVxI,https://www.youtube.com/watch?v=CsPveiOFVxI,KC Videos archive,Kellyoke | Addicted to Love (Robert Palmer),23000,97
2020-12-07,2,234,54,Everything You Want,Vertical Horizon,Rock,1999,21,Kelly Clarkson,no,,,no,75tPXdX_VBM,https://www.youtube.com/watch?v=75tPXdX_VBM,KC Videos archive,Kellyoke | Everything You Want (Vertical Horizon),24000,107
2020-12-08,2,235,55,One of Us,Joan Osborne,Rock,1995,25,Kelly Clarkson,no,,,no,dVCALO_yoRc,https://www.youtube.com/watch?v=dVCALO_yoRc,KC Videos archive,Kellyoke | One of Us (Joan Osborne),21000,107
2020-12-09,2,236,56,It Must Have Been Love,Roxette,Rock,1987,33,Kelly Clarkson,no,,,no,Mwz6PGf_kYo,https://www.youtube.com/watch?v=Mwz6PGf_kYo,KC Videos archive,Kellyoke | It Must Have Been Love (Roxette),842000,113
2020-12-10,2,237,57,You Make It Easy,Jason Aldean,Country,2018,2,Kelly Clarkson,no,,,no,Q4O75Weiuzk,https://www.youtube.com/watch?v=Q4O75Weiuzk,KC Videos archive,Kellyoke | You Make It Easy (Jason Aldean),38000,102
2020-12-11,2,238,58,Have Yourself a Merry Little Christmas,,Christmas,1995,25,Kelly Clarkson,no,,,no,o3fF1emWyCo,https://www.youtube.com/watch?v=o3fF1emWyCo,KC Videos archive,Kellyoke | Have Yourself A Merry Little Christmas (Judy Garland),6100,116
2020-12-14,2,239,59,Underneath the Tree,Kelly Clarkson,Pop,2013,7,Kelly Clarkson,no,,,no,D3ksyMgeyDM,https://www.youtube.com/watch?v=D3ksyMgeyDM,KC Videos archive,Kellyoke | Underneath the Tree (Kelly Clarkson),15000,107
2020-12-15,2,240,60,All I Want for Christmas Is You,Vince Vance & the Valiants,Country,1989,31,Kelly Clarkson,no,,,no,iEEhTYXkKDA,https://www.youtube.com/watch?v=iEEhTYXkKDA,KC Videos archive,Kellyoke | All I Want For Christmas Is You (Vince Vance & the Valiants),24000,131
2020-12-16,2,241,61,Under The Mistletoe,Kelly Clarkson & Brett Eldredge,Pop,2020,0,Kelly Clarkson,no,,,no,aEgIexY_7_o,https://www.youtube.com/watch?v=aEgIexY_7_o,KC Videos archive,Kellyoke | Under the Mistletoe (with Brett Eldredge) (Kelly Clarkson),32000,143
2020-12-17,2,242,62,Hard Candy Christmas,Dolly Parton,Country,1982,38,Kelly Clarkson,no,,,no,IhfKxKzLWBg,https://www.youtube.com/watch?v=IhfKxKzLWBg,KC Videos archive,Kellyoke | Hard Candy Christmas (Dolly Parton),68000,103
2020-12-18,2,243,63,It's Beginning to Look a Lot Like Christmas,Bing Crosby,Christmas,2012,8,Kelly Clarkson,no,,,no,hKDj5iNBtTc,https://www.youtube.com/watch?v=hKDj5iNBtTc,KC Videos archive,Kellyoke | It's Beginning To Look A Lot Like Christmas,13000,86
2020-12-21,2,244,64,Princess of China,Coldplay and Rihanna,Rock,2012,8,Kelly Clarkson,no,,,no,rTwNwF-JR1k,https://www.youtube.com/watch?v=rTwNwF-JR1k,KC Videos archive,Kellyoke | Princess of China (Coldplay),43000,105
2021-01-04,2,245,65,Hard to Say I'm Sorry,Chicago,Rock,1982,39,Kelly Clarkson,no,,,no,BYZ_kAK5jDk,https://www.youtube.com/watch?v=BYZ_kAK5jDk,KC Videos archive,Kellyoke |  Hard To Say I'm Sorry (Chicago),70000,114
2021-01-05,2,246,66,Borderline,Madonna,Pop,1984,37,Kelly Clarkson,no,,,no,wIEi3uYiwAw,https://www.youtube.com/watch?v=wIEi3uYiwAw,KC Videos archive,Kellyoke | Borderline (Madonna),14000,103
2021-01-06,2,247,67,Rare,Selena Gomez,Pop,2020,1,Kelly Clarkson,no,,,no,zRO97nFDAkI,https://www.youtube.com/watch?v=zRO97nFDAkI,KC Videos archive,Kellyoke | Rare (Selena Gomez),6500,107
2021-01-07,2,248,68,"Hold On, We're Going Home",Drake featuring Majid Jordan,R&B / Soul,2013,8,Kelly Clarkson,no,,,no,7uemD4KEVxs,https://www.youtube.com/watch?v=7uemD4KEVxs,KC Videos archive,"Kellyoke | Hold On, We're Going Home (Drake)",27000,96
2021-01-08,2,249,69,Rainbow,Kacey Musgraves,Country,2019,2,Kelly Clarkson,no,,,no,UmScpxlibIU,https://www.youtube.com/watch?v=UmScpxlibIU,KC Videos archive,Kellyoke | Rainbow (Kacey Musgraves),11000,99
2021-01-11,2,250,70,Another Sad Love Song,Toni Braxton,R&B / Soul,1993,28,Kelly Clarkson,no,,,no,vpTjOozpRJM,https://www.youtube.com/watch?v=vpTjOozpRJM,KC Videos archive,Kellyoke | Another Sad Love Song (Toni Braxton),47000,95
2021-01-12,2,251,71,Lost on You,LP,,2015,6,Kelly Clarkson,no,,,no,R34ZROkYulQ,https://www.youtube.com/watch?v=R34ZROkYulQ,KC Videos archive,Kellyoke | Lost on You (LP),12000,103
2021-01-13,2,252,72,Dreams,Fleetwood Mac,Rock,2015,6,Kelly Clarkson,no,,,no,njvNVeNv9Yw,https://www.youtube.com/watch?v=njvNVeNv9Yw,KC Videos archive,Kellyoke | Dreams (Fleetwood Mac),88000,108
2021-01-14,2,253,73,Sin Wagon,The Chicks,Country,1999,22,Kelly Clarkson,no,,,no,rNwhHagsuHs,https://www.youtube.com/watch?v=rNwhHagsuHs,KC Videos archive,Kellyoke | Sin Wagon (The Chicks),17000,85
2021-01-15,2,254,74,You Get What You Give,New Radicals,Rock,1998,23,Kelly Clarkson,no,,,no,QuOZ6ZE8N1w,https://www.youtube.com/watch?v=QuOZ6ZE8N1w,KC Videos archive,Kellyoke | You Get What You Give (New Radicals),44000,105
2021-01-18,2,255,75,Up to the Mountain,Patty Griffin,Folk,2006,15,Kelly Clarkson,no,,,no,YHRs4NPW4ek,https://www.youtube.com/watch?v=YHRs4NPW4ek,KC Videos archive,Kellyoke | Up to the Mountain (Patty Griffin),73000,150
2021-01-19,2,256,76,Give Me One Reason,Tracy Chapman,Rock,1995,26,Kelly Clarkson,no,,,no,78E8jN1BFn0,https://www.youtube.com/watch?v=78E8jN1BFn0,KC Videos archive,Kellyoke | Give Me One Reason (Tracy Chapman),44000,114
2021-01-21,2,257,77,Can't Get You Out of My Head,Kylie Minogue,Pop,2001,20,Kelly Clarkson,no,,,no,_TaeHquwQUw,https://www.youtube.com/watch?v=_TaeHquwQUw,KC Videos archive,Kellyoke | Can't Get You Out of My Head (Kylie Minogue),15000,88
2021-01-22,2,258,78,Girls Just Want To Have Fun,Cyndi Lauper,Rock,1983,38,Kelly Clarkson,no,,,no,9TjUNz-bM9U,https://www.youtube.com/watch?v=9TjUNz-bM9U,KC Videos archive,Kellyoke | Girls Just Want To Have Fun (Cyndi Lauper),324000,103
2021-01-25,2,259,79,It's a Little Too Late,Tanya Tucker,Country,1993,28,Kelly Clarkson,no,,,no,JyDptEVCebM,https://www.youtube.com/watch?v=JyDptEVCebM,KC Videos archive,Kellyoke | It's A Little Too Late (Tanya Tucker),12000,105
2021-01-26,2,260,80,Only You,Yazoo,Pop,1982,39,Kelly Clarkson,no,,,no,hvf8ES1-WXk,https://www.youtube.com/watch?v=hvf8ES1-WXk,KC Videos archive,Kellyoke | Only You (Yazoo),110000,105
2021-01-27,2,261,81,Hard Place,H.E.R,R&B / Soul,2019,2,Kelly Clarkson,no,,,no,c_5Ifn0HEsA,https://www.youtube.com/watch?v=c_5Ifn0HEsA,KC Videos archive,Kellyoke | Hard Place (H.E.R.),37000,103
2021-01-28,2,262,82,Unchained Melody,The Righteous Brothers,Pop,1955,66,Kelly Clarkson,no,,,no,oJ85t-wtneY,https://www.youtube.com/watch?v=oJ85t-wtneY,KC Videos archive,Kellyoke | Unchained Melody (The Righteous Brothers),1000000,108
2021-01-29,2,263,83,I Wish it Would Rain Down,Phil Collins,Pop,1990,31,Kelly Clarkson,no,,,no,vbLSeeqO6P4,https://www.youtube.com/watch?v=vbLSeeqO6P4,KC Videos archive,Kellyoke | I Wish It Would Rain Down (Phil Collins),27000,108
2021-02-01,2,264,84,Runaway Train,Soul Asylum,Rock,1993,28,Kelly Clarkson,no,,,no,UP8unfW3k4M,https://www.youtube.com/watch?v=UP8unfW3k4M,KC Videos archive,Kellyoke | Runaway Train (Soul Asylum),12000,98
2021-02-02,2,265,85,Ain't No Sunshine,Bill Withers,R&B / Soul,1971,50,Kelly Clarkson,no,,,no,rs_YbEgrAVw,https://www.youtube.com/watch?v=rs_YbEgrAVw,KC Videos archive,Kellyoke | Ain't No Sunshine (Bill Withers),171000,107
2021-02-03,2,266,86,Best I Ever Had,Vertical Horizon,Rock,2001,20,Kelly Clarkson,no,,,no,HQm8ZlgZYUY,https://www.youtube.com/watch?v=HQm8ZlgZYUY,KC Videos archive,Kellyoke | Best I Ever Had (Vertical Horizon),13000,106
2021-02-04,2,267,87,Barracuda,Heart,Rock,1977,44,Kelly Clarkson,no,,,no,9Prb8JpELZ0,https://www.youtube.com/watch?v=9Prb8JpELZ0,KC Videos archive,Kellyoke | Barracuda (Heart),54000,99
2021-02-05,2,268,88,All to Myself,Dan + Shay,Country,2019,2,Kelly Clarkson,no,,,no,GoprExu77_I,https://www.youtube.com/watch?v=GoprExu77_I,KC Videos archive,Kellyoke | All to Myself (Dan + Shay),15000,100
2021-02-08,2,269,89,Misery,Gwen Stefani,Pop,2016,5,Kelly Clarkson,no,,,no,ckKxeF5E_8c,https://www.youtube.com/watch?v=ckKxeF5E_8c,KC Videos archive,Kellyoke | Misery (Gwen Stefani),17000,104
2021-02-09,2,270,90,Lovefool,The Cardigans,Pop,1996,25,Kelly Clarkson,no,,,no,qg4HmYxg3q8,https://www.youtube.com/watch?v=qg4HmYxg3q8,KC Videos archive,Kellyoke | Lovefool (The Cardigans),19000,97
2021-02-10,2,271,91,Blue Eyes Crying in the Rain,Willie Nelson,Country,1947,74,Kelly Clarkson,no,,,no,VWgrb6pjXaM,https://www.youtube.com/watch?v=VWgrb6pjXaM,KC Videos archive,Kellyoke | Blue Eyes Crying in the Rain (Willie Nelson),25000,110
2021-02-11,2,272,92,If the World Was Ending,JP Saxe and Julia Michaels,Pop,2019,2,Kelly Clarkson,no,,,no,mZZ27_wOiAY,https://www.youtube.com/watch?v=mZZ27_wOiAY,KC Videos archive,Kellyoke | If the World Was Ending (JP Saxe ft Julia Michaels),67000,118
2021-02-12,2,273,93,Just a Fool,Christina Aguilera and Blake Shelton,Country,2012,9,Kelly Clarkson,no,,,no,J3U9ae_a38c,https://www.youtube.com/watch?v=J3U9ae_a38c,KC Videos archive,Kellyoke | Just A Fool (Christina Aguilera ft Blake Shelton),511000,118
2021-02-15,2,274,94,Just a Girl,No Doubt,Reggae,1995,26,Kelly Clarkson,no,,,no,m6BVzf6YKAM,https://www.youtube.com/watch?v=m6BVzf6YKAM,KC Videos archive,Kellyoke | Just A Girl (No Doubt),78000,92
2021-02-16,2,275,95,You Mean the World to Me,Toni Braxton,R&B / Soul,1994,27,Kelly Clarkson,no,,,no,Nm_phZwaxJg,https://www.youtube.com/watch?v=Nm_phZwaxJg,KC Videos archive,Kellyoke | You Mean the World To Me (Toni Braxton),55000,111
2021-02-17,2,276,96,Times Like These,Foo Fighters,Rock,2003,18,Kelly Clarkson,no,,,no,XGD-sdcGnEg,https://www.youtube.com/watch?v=XGD-sdcGnEg,KC Videos archive,Kellyoke | Times Like These (Foo Fighters),28000,106
2021-02-18,2,277,97,Price Tag,Jessie J and B.o.B,R&B / Soul,2011,10,Kelly Clarkson,no,,,no,IYe0drKAXXs,https://www.youtube.com/watch?v=IYe0drKAXXs,KC Videos archive,Kellyoke | Price Tag (Jessie J),26000,98
2021-02-19,2,278,98,Poker Face,Lady Gaga,Pop,2008,13,Kelly Clarkson,no,,,no,jM_o3Ngo1Fo,https://www.youtube.com/watch?v=jM_o3Ngo1Fo,KC Videos archive,Kellyoke | Poker Face (Lady Gaga),239000,98
2021-02-22,2,279,99,Bring It On Home To Me,Sam Cooke,R&B / Soul,1962,59,Kelly Clarkson,no,,,no,2J-uOtoIGTg,https://www.youtube.com/watch?v=2J-uOtoIGTg,KC Videos archive,Kellyoke | Bring It On Home To Me ( Sam Cooke),200000,95
2021-02-23,2,280,100,Always,Erasure,Electronic,1994,27,Kelly Clarkson,no,,,no,0J20ifZCAO4,https://www.youtube.com/watch?v=0J20ifZCAO4,KC Videos archive,Kellyoke | Always (Erasure),59000,97
2021-02-24,2,281,101,Father of Mine,Everclear,Rock,1998,23,Kelly Clarkson,no,,,no,u9sSBD94o80,https://www.youtube.com/watch?v=u9sSBD94o80,KC Videos archive,Kellyoke | Father of Mine (Everclear),21000,95
2021-02-25,2,282,102,Get Together,The Youngbloods,Rock,1967,54,Kelly Clarkson,no,,,no,hhO92LO7thg,https://www.youtube.com/watch?v=hhO92LO7thg,KC Videos archive,Kellyoke | Get Together (The Youngbloods),14000,139
2021-02-26,2,283,103,Beautiful Day,U2,Rock,2000,21,Kelly Clarkson,no,,,no,FAJRzUdpiG4,https://www.youtube.com/watch?v=FAJRzUdpiG4,KC Videos archive,Kellyoke | Beautiful Day (U2),30000,104
2021-03-01,2,284,104,Imagine,Ariana Grande,R&B / Soul,2018,3,Kelly Clarkson,no,,,no,rdSoiw014VY,https://www.youtube.com/watch?v=rdSoiw014VY,KC Videos archive,Kellyoke | Imagine (Ariana Grande),100000,105
2021-03-02,2,285,105,Can't Take My Eyes Off of You,Lauryn Hill,R&B / Soul,1967,54,Kelly Clarkson,no,,,no,3aPMEJt2t-4,https://www.youtube.com/watch?v=3aPMEJt2t-4,KC Videos archive,Kellyoke | Can't Take My Eyes Off You (Lauryn Hill),52000,99
2021-03-03,2,286,106,Use Somebody,Kings of Leon,Rock,2008,13,Kelly Clarkson,no,,,no,td4tkEHlT9I,https://www.youtube.com/watch?v=td4tkEHlT9I,KC Videos archive,Kellyoke | Use Somebody (Kings of Leon),294000,103
2021-03-04,2,287,107,Lonely,Justin Bieber and Benny Blanco,Pop,2020,1,Kelly Clarkson,no,,,no,pF_5Y1wSXuU,https://www.youtube.com/watch?v=pF_5Y1wSXuU,KC Videos archive,Kellyoke | Lonely (Justin Beiber & Benny Blanco),82000,113
2021-03-05,2,288,108,These Arms of Mine,Otis Redding,R&B / Soul,1962,59,Kelly Clarkson,no,,,no,AaB0lasqVfg,https://www.youtube.com/watch?v=AaB0lasqVfg,KC Videos archive,Kellyoke | These Arms of Mine (Otis Redding),187000,114
2021-03-15,2,289,109,Keep Walkin' On,Faith Hill featuring Shelby Lynne,Country,,,Kelly Clarkson,no,,,no,ngCjTIqczeE,https://www.youtube.com/watch?v=ngCjTIqczeE,KC Videos archive,Kellyoke | Keep Walkin' On (Faith Hill ft. Shelby Lynne),14000,109
2021-03-16,2,290,110,Wicked Game,Chris Isaak,Rock,1989,32,Kelly Clarkson,no,,,no,NYMtMNd07Z4,https://www.youtube.com/watch?v=NYMtMNd07Z4,KC Videos archive,Kellyoke | Wicked Game (Chris Isaak),33000,109
2021-03-17,2,291,111,Green Eyes,Coldplay,Rock,,,Kelly Clarkson,no,,,no,ne9PuqyQSXk,https://www.youtube.com/watch?v=ne9PuqyQSXk,KC Videos archive,Kellyoke | Green Eyes (Coldplay),67000,116
2021-03-18,2,292,112,Walkaway Joe,Trisha Yearwood and Don Henley,Country,1992,29,Kelly Clarkson,no,,,no,W3BYP0Vni2M,https://www.youtube.com/watch?v=W3BYP0Vni2M,KC Videos archive,Kellyoke | Walkaway Joe (Trisha Yearwood),55000,112
2021-03-22,2,293,113,Water Under the Bridge,Adele,Pop,2016,5,Kelly Clarkson,no,,,no,WpF1cuuqyJw,https://www.youtube.com/watch?v=WpF1cuuqyJw,KC Videos archive,Kellyoke | Water Under the Bridge (Adele),119000,105
2021-03-23,2,294,114,Weak,SWV,R&B / Soul,1993,28,Kelly Clarkson,no,,,no,6-cWB0qeyuM,https://www.youtube.com/watch?v=6-cWB0qeyuM,KC Videos archive,Kellyoke | Weak (SWV),98000,108
2021-03-24,2,295,115,Should I Stay or Should I Go?,The Clash,Punk,1982,39,Kelly Clarkson,no,,,no,gkZpMdKDKl8,https://www.youtube.com/watch?v=gkZpMdKDKl8,KC Videos archive,Kellyoke | Should I Stay or Should I Go (Clash),20000,104
2021-03-25,2,296,116,Who's Lovin' You,The Jackson 5,R&B / Soul,1960,61,Kelly Clarkson,no,,,no,_sZHescbK_E,https://www.youtube.com/watch?v=_sZHescbK_E,KC Videos archive,Kellyoke | Who's Lovin' You (The Jackson 5),135000,111
2021-03-26,2,297,117,Mad World,Tears for Fears,Pop,1982,39,Kelly Clarkson,no,,,no,ikz-UWHFrZc,https://www.youtube.com/watch?v=ikz-UWHFrZc,KC Videos archive,Kellyoke | Mad World (Tears For Fears),23000,106
2021-03-29,2,298,118,Diggin' On You,TLC,Pop,1995,26,Kelly Clarkson,no,,,no,l6x6K3iOmn4,https://www.youtube.com/watch?v=l6x6K3iOmn4,KC Videos archive,Kellyoke | Diggin' On You (TLC),19000,112
2021-03-30,2,299,119,Got My Mind Set On You,George Harrison,Rock,1962,59,Kelly Clarkson,no,,,no,5ARtaGsoyrw,https://www.youtube.com/watch?v=5ARtaGsoyrw,KC Videos archive,Kellyoke | Got My Mind Set On You (George Harrison),67000,91
2021-03-31,2,300,120,I Would Have Loved You,,Country,,,Kelly Clarkson,no,,,no,dkvVFOUhwvc,https://www.youtube.com/watch?v=dkvVFOUhwvc,KC Videos archive,Kellyoke | I Would've Loved You (Jake Hoot & Kelly Clarkson),23000,165
2021-04-01,2,301,121,If I Were Your Woman,Gladys Knight and the Pips,R&B / Soul,1970,51,Kelly Clarkson,no,,,no,QdQj2DgkdhA,https://www.youtube.com/watch?v=QdQj2DgkdhA,KC Videos archive,Kellyoke | If I Were Your Woman (Gladys Knight & The Pips),39000,106
2021-04-05,2,302,122,3AM,Matchbox Twenty,Rock,1997,24,Kelly Clarkson,no,,,no,lg9Ijv4OIt0,https://www.youtube.com/watch?v=lg9Ijv4OIt0,KC Videos archive,Kellyoke | 3AM (Matchbox Twenty),20000,86
2021-04-06,2,303,123,A Broken Wing,Martina McBride,Country,1997,24,Kelly Clarkson,no,,,no,JHLAehzFzsM,https://www.youtube.com/watch?v=JHLAehzFzsM,KC Videos archive,Kellyoke | A Broken Wing (Martina McBride),174000,117
2021-04-07,2,304,124,She's Got You,Patsy Cline,Country,1962,59,Kelly Clarkson,no,,,no,oS-PJLiEvGQ,https://www.youtube.com/watch?v=oS-PJLiEvGQ,KC Videos archive,Kellyoke | She's Got You (Patsy Cline),72000,100
2021-04-08,2,305,125,Blue,LeAnn Rimes,Country,1958,63,Kelly Clarkson,no,,,no,9L2BnphsHxw,https://www.youtube.com/watch?v=9L2BnphsHxw,KC Videos archive,Kellyoke | Blue (LeAnn Rimes),66000,101
2021-04-12,2,306,126,White Flag,Dido,Pop,2003,18,Kelly Clarkson,no,,,no,e-yTOt56KEM,https://www.youtube.com/watch?v=e-yTOt56KEM,KC Videos archive,Kellyoke | White Flag (Dido),110000,127
2021-04-13,2,307,127,Gaslighter,The Chicks,Country,2020,1,Kelly Clarkson,no,,,no,lfBtFVGZZto,https://www.youtube.com/watch?v=lfBtFVGZZto,KC Videos archive,Kellyoke | Gaslighter (The Chicks),40000,101
2021-04-14,2,308,128,Nothing Compares 2 U,Sinéad O'Connor,R&B / Soul,2018,3,Kelly Clarkson,no,,,no,b_oUEhtvz28,https://www.youtube.com/watch?v=b_oUEhtvz28,KC Videos archive,Kellyoke | Nothing Compares 2 U (Sinéad O'Connor),101000,103
2021-04-15,2,309,129,What a Girl Wants,Christina Aguilera,Pop,,,Kelly Clarkson,no,,,no,SgxRklizQGs,https://www.youtube.com/watch?v=SgxRklizQGs,KC Videos archive,Kellyoke | What A Girl Wants (Christina Aguilera),67000,101
2021-04-19,2,310,130,You Look So Good in Love,George Strait,Country,1983,38,Kelly Clarkson,no,,,no,bPrUVcqWmYU,https://www.youtube.com/watch?v=bPrUVcqWmYU,KC Videos archive,Kellyoke | You Look So Good In Love (George Strait),34000,108
2021-04-20,2,311,131,My Way,Frank Sinatra,Pop,1969,52,Kelly Clarkson,no,,,no,nYXL0QvO7MM,https://www.youtube.com/watch?v=nYXL0QvO7MM,KC Videos archive,Kellyoke | My Way (Frank Sinatra),119000,101
2021-04-21,2,312,132,Rich,Maren Morris,Country,2018,3,Kelly Clarkson,no,,,no,5uA_mNM0tdA,https://www.youtube.com/watch?v=5uA_mNM0tdA,KC Videos archive,Kellyoke | Rich (Maren Morris),13000,105
2021-04-22,2,313,133,Burning Love,Elvis Presley,R&B / Soul,1972,49,Kelly Clarkson,no,,,no,O3lxVSJvGRs,https://www.youtube.com/watch?v=O3lxVSJvGRs,KC Videos archive,Kellyoke | Burning Love (Elvis Presley),67000,100
2021-04-26,2,314,134,Lately,Stevie Wonder,R&B / Soul,1981,40,Kelly Clarkson,no,,,no,trhYehFrDeU,https://www.youtube.com/watch?v=trhYehFrDeU,KC Videos archive,Kellyoke | Lately (Stevie Wonder),44000,112
2021-04-27,2,315,135,Send My Love (To Your New Lover),Adele,Pop,2016,5,Kelly Clarkson,no,,,no,5Vf141z-FuQ,https://www.youtube.com/watch?v=5Vf141z-FuQ,KC Videos archive,Kellyoke | Send My Love (Adele),128000,89
2021-04-28,2,316,136,What Part of No,Lorrie Morgan,Country,1992,29,Kelly Clarkson,no,,,no,T6_MKZ3VCuo,https://www.youtube.com/watch?v=T6_MKZ3VCuo,KC Videos archive,Kellyoke | What Part of No (Lorrie Morgan),16000,98
2021-04-29,2,317,137,You Broke Me First,Tate McRae,Pop,2020,1,Kelly Clarkson,no,,,no,Pzmcy_4zA08,https://www.youtube.com/watch?v=Pzmcy_4zA08,KC Videos archive,Kellyoke | You Broke Me First (Tate McRae),995000,93
2021-04-30,2,318,138,Yellow,Coldplay,Rock,2000,21,Kelly Clarkson,no,,,no,ya_BznL1CLI,https://www.youtube.com/watch?v=ya_BznL1CLI,KC Videos archive,Kellyoke | Yellow (Coldplay),208000,121
2021-05-03,2,319,139,When Will I Be Loved,Linda Ronstadt,Rock,1960,61,Kelly Clarkson,no,,,no,hf4at3wlrbg,https://www.youtube.com/watch?v=hf4at3wlrbg,KC Videos archive,Kellyoke | When Will I Be Loved (Linda Ronstadt),53000,93
2021-05-04,2,320,140,You've Really Got a Hold on Me,The Miracles,R&B / Soul,1962,59,Kelly Clarkson,no,,,no,brEnmqQ323M,https://www.youtube.com/watch?v=brEnmqQ323M,KC Videos archive,Kellyoke | You've Really Got A Hold On Me (Smokey Robinson & The Miracles),28000,101
2021-05-05,2,321,141,Liar,Davina Michelle,,,,Kelly Clarkson,no,,,no,ypFpcHbkVVs,https://www.youtube.com/watch?v=ypFpcHbkVVs,KC Videos archive,Kellyoke | Liar (Davina Michelle),115000,114
2021-05-06,2,322,142,Midnight Train to Georgia,Gladys Knight & the Pips,R&B / Soul,1973,48,Kelly Clarkson,no,,,no,eABFpMBTybw,https://www.youtube.com/watch?v=eABFpMBTybw,KC Videos archive,Kellyoke | Midnight Train to Georgia (Gladys Knight & The Pips),55000,113
2021-05-07,2,323,143,Home,Edward Sharpe and the Magnetic Zeros,Pop,2005,16,Kelly Clarkson,no,,,no,rAmy11kARqw,https://www.youtube.com/watch?v=rAmy11kARqw,KC Videos archive,Kellyoke | Home (Edward Sharpe & The Magnetic Zeros),105000,104
2021-05-10,2,324,144,Dude (Looks Like a Lady),Aerosmith,Rock,1987,34,Kelly Clarkson,no,,,no,Y8uYc76_bdo,https://www.youtube.com/watch?v=Y8uYc76_bdo,KC Videos archive,Kellyoke | Dude Looks Like A Lady (Aerosmith),74000,99
2021-05-11,2,325,145,How Blue,Reba McEntire,Country,1984,37,Kelly Clarkson,no,,,no,oEiHpAS8WTk,https://www.youtube.com/watch?v=oEiHpAS8WTk,KC Videos archive,Kellyoke | How Blue (Reba McEntire),17000,87
2021-05-12,2,326,146,Don't Take It Personal,Monica,R&B / Soul,1995,26,Kelly Clarkson,no,,,no,w0JgQoPJWzI,https://www.youtube.com/watch?v=w0JgQoPJWzI,KC Videos archive,Kellyoke | Don't Take It Personal (Monica),10000,107
2021-05-13,2,327,147,Lay Me Down,Sam Smith,R&B / Soul,2013,8,Kelly Clarkson,no,,,no,AenPe2miq-k,https://www.youtube.com/watch?v=AenPe2miq-k,KC Videos archive,Kellyoke | Lay Me Down (Sam Smith),643000,125
2021-05-14,2,328,148,Lost in Your Eyes,Debbie Gibson,Pop,1989,32,Kelly Clarkson,no,,,no,z9kKHXJxc64,https://www.youtube.com/watch?v=z9kKHXJxc64,KC Videos archive,Kellyoke | Lost In Your Eyes (Debbie Gibson),85000,95
2021-05-17,2,329,149,What I Am,Edie Brickell & New Bohemians,Rock,1988,33,Kelly Clarkson,no,,,no,w58lZGxIYGo,https://www.youtube.com/watch?v=w58lZGxIYGo,KC Videos archive,Kellyoke | What I Am (Edie Brickell),8700,97
2021-05-18,2,330,150,One Fine Day,The Chiffons,Pop,1963,58,Kelly Clarkson,no,,,no,-SZvnxCoQhM,https://www.youtube.com/watch?v=-SZvnxCoQhM,KC Videos archive,Kellyoke | One Fine Day (The Chiffons),9300,113
2021-05-19,2,331,151,Get Lucky,Daft Punk featuring Pharrell Williams and Nile Rodgers,Electronic,2013,8,Kelly Clarkson,no,,,no,KGbzCK7KG7Y,https://www.youtube.com/watch?v=KGbzCK7KG7Y,KC Videos archive,Kellyoke | Get Lucky (Daft Punk),16000,94
2021-05-20,2,332,152,Everybody Knows,Trisha Yearwood,Country,1996,25,Kelly Clarkson,no,,,no,f1dMNL_V6UQ,https://www.youtube.com/watch?v=f1dMNL_V6UQ,KC Videos archive,Kellyoke | Everybody Knows (Trisha Yearwood),13000,109
2021-05-21,2,333,153,The Shoop Shoop Song,Cher,R&B / Soul,1964,57,Kelly Clarkson,no,,,no,T3faWxOr3yc,https://www.youtube.com/watch?v=T3faWxOr3yc,KC Videos archive,Kellyoke | The Shoop Shoop Song (Cher),89000,94
2021-05-24,2,334,154,Locked Out of Heaven,Bruno Mars,Reggae,2012,9,Kelly Clarkson,no,,,no,z6Mp2yLT9Jk,https://www.youtube.com/watch?v=z6Mp2yLT9Jk,KC Videos archive,Kellyoke | Locked Out of Heaven (Bruno Mars),174000,104
2021-05-25,2,335,155,Need You Tonight,INXS,Rock,1987,34,Kelly Clarkson,no,,,no,taDh-OVdR_w,https://www.youtube.com/watch?v=taDh-OVdR_w,KC Videos archive,Kellyoke | Need You Tonight (INXS),15000,100
2021-05-26,2,336,156,You're So Vain,Carly Simon,Rock,1972,49,Kelly Clarkson,no,,,no,cp4HGNEhg80,https://www.youtube.com/watch?v=cp4HGNEhg80,KC Videos archive,Kellyoke | You're So Vain (Carly Simon),46000,108
2021-05-27,2,337,157,The Keeper of the Stars,Tracy Byrd,Country,1995,26,Kelly Clarkson,no,,,no,iASeq3bi-lw,https://www.youtube.com/watch?v=iASeq3bi-lw,KC Videos archive,Kellyoke | The Keeper of the Stars (Tracy Byrd),42000,110
2021-06-01,2,338,158,Kiss,Prince,R&B / Soul,1986,35,Kelly Clarkson,no,,,no,mENbFBQ7FBg,https://www.youtube.com/watch?v=mENbFBQ7FBg,KC Videos archive,Kellyoke | Kiss (Prince),65000,97
2021-06-02,2,339,159,When Doves Cry,Prince,Pop,1984,37,Kelly Clarkson,no,,,no,Xa64zvt-Oz4,https://www.youtube.com/watch?v=Xa64zvt-Oz4,KC Videos archive,Kellyoke | When Doves Cry (Prince),58000,112
2021-06-03,2,340,160,I'm That Kind of Girl,Patty Loveless,Country,1991,30,Kelly Clarkson,no,,,no,OECLO2uLXK8,https://www.youtube.com/watch?v=OECLO2uLXK8,KC Videos archive,Kellyoke | I'm That Kind of Girl (Patty Loveless),10000,107
2021-06-07,2,341,161,Water Runs Dry,Boyz II Men,R&B / Soul,,,Kelly Clarkson,no,,,no,DTfksqqfVt8,https://www.youtube.com/watch?v=DTfksqqfVt8,KC Videos archive,Kellyoke | Water Runs Dry (Boyz II Men),85000,98
2021-06-08,2,342,162,Boom Clap,Charli XCX,Pop,,,Kelly Clarkson,no,,,no,pznxXOOceZI,https://www.youtube.com/watch?v=pznxXOOceZI,KC Videos archive,Kellyoke | Boom Clap (Charli XCX),12000,97
2021-06-09,2,343,163,Ghost,Indigo Girls,Rock,,,Kelly Clarkson,no,,,no,cf5FAXaxgHs,https://www.youtube.com/watch?v=cf5FAXaxgHs,KC Videos archive,Kellyoke | Ghost (Indigo Girls),12000,112
2021-06-10,2,344,164,Paradise,Meduza,,,,Kelly Clarkson,no,,,no,DSHLPUD7Uxg,https://www.youtube.com/watch?v=DSHLPUD7Uxg,KC Videos archive,Kellyoke | Paradise (Meduza),6600,94
2021-06-14,2,345,165,drivers license,Olivia Rodrigo,Pop,2021,0,Kelly Clarkson,no,,,no,lJrb1iaJZ5A,https://www.youtube.com/watch?v=lJrb1iaJZ5A,KC Videos archive,Kellyoke | drivers license (Olivia Rodrigo),577000,102
2021-06-15,2,346,166,Breathe Me,Sia,Pop,,,Kelly Clarkson,no,,,no,dMAOd_LEQdg,https://www.youtube.com/watch?v=dMAOd_LEQdg,KC Videos archive,Kellyoke | Breathe Me (Sia),17000,107
2021-06-16,2,347,167,Prop Me Up Beside the Jukebox,Joe Diffie,Country,,,Kelly Clarkson,no,,,no,lClcke74e1U,https://www.youtube.com/watch?v=lClcke74e1U,KC Videos archive,Kellyoke | Prop Me Up Beside the Jukebox (If I Die) (Joe Diffie),10000,96
2021-06-17,2,348,168,River,Bishop Briggs,Rock,,,Kelly Clarkson,no,,,no,p7youYZvNos,https://www.youtube.com/watch?v=p7youYZvNos,KC Videos archive,Kellyoke | River (Bishop Briggs),90000,88
2021-06-21,2,349,169,Love Like This,Faith Evans,R&B / Soul,1998,23,Kelly Clarkson,no,,,no,-lyaCRsI3iA,https://www.youtube.com/watch?v=-lyaCRsI3iA,KC Videos archive,Kellyoke | Love Like This (Faith Evans),14000,103
2021-06-22,2,350,170,I Won't Back Down,Tom Petty,Rock,1989,32,Kelly Clarkson,no,,,no,ELpe52S5jS8,https://www.youtube.com/watch?v=ELpe52S5jS8,KC Videos archive,Kellyoke | I Won't Back Down (Tom Petty),15000,86
2021-06-23,2,351,171,Fields of Gold,Sting,Pop,1993,28,Kelly Clarkson,no,,,no,x97fLWOyeI8,https://www.youtube.com/watch?v=x97fLWOyeI8,KC Videos archive,Kellyoke | Fields of Gold (Sting),47000,103
2021-06-24,2,352,172,God Only Knows,The Beach Boys,Rock,1966,55,Kelly Clarkson,no,,,no,3NnMXW3dLNM,https://www.youtube.com/watch?v=3NnMXW3dLNM,KC Videos archive,Kellyoke | God Only Knows (The Beach Boys),12000,151
2021-06-28,2,353,173,Tainted Love,Soft Cell,R&B / Soul,1965,56,Kelly Clarkson,no,,,no,uA0xg6Yzddc,https://www.youtube.com/watch?v=uA0xg6Yzddc,KC Videos archive,Kellyoke | Tainted Love (Soft Cell),18000,102
2021-06-29,2,354,174,Closing Time,Semisonic,Rock,1998,23,Kelly Clarkson,no,,,no,uVqmVkP-wTY,https://www.youtube.com/watch?v=uVqmVkP-wTY,KC Videos archive,Kellyoke | Closing Time (Semisonic),12000,99
2021-06-30,2,355,175,Rolling in the Deep,Adele,R&B / Soul,2010,11,Kelly Clarkson,no,,,no,yQJOWNkENbU,https://www.youtube.com/watch?v=yQJOWNkENbU,KC Videos archive,Kellyoke | Rolling In the Deep (Adele),1200000,113
2021-07-01,2,356,176,She's Got the Rhythm (And I Got the Blues),Alan Jackson,Country,1992,29,Kelly Clarkson,no,,,no,BMcxwufe5eg,https://www.youtube.com/watch?v=BMcxwufe5eg,KC Videos archive,Kellyoke | She's Got the Rhythm (Alan Jackson),11000,100
2021-07-05,2,357,177,Whenever You Come Around,Vince Gill,Country,1994,27,Kelly Clarkson,no,,,no,JN-qOB_cnVc,https://www.youtube.com/watch?v=JN-qOB_cnVc,KC Videos archive,Kellyoke | Whenever You Come Around (Vince Gill),24000,99
2021-07-06,2,358,178,Nothing's Gonna Stop Us Now,Starship,Rock,1987,34,Kelly Clarkson,no,,,no,bR3noJXglRs,https://www.youtube.com/watch?v=bR3noJXglRs,KC Videos archive,Kellyoke | Nothing's Gonna Stop Us Now (Starship),51000,100
2021-07-07,2,359,179,Drive,The Cars,Rock,1984,37,Kelly Clarkson,no,,,no,P7gM0QOhVuY,https://www.youtube.com/watch?v=P7gM0QOhVuY,KC Videos archive,Kellyoke | Drive (The Cars),6400,99
2021-07-08,2,360,180,The Chain,Fleetwood Mac,Rock,,,Kelly Clarkson,no,,,no,ozpoJE-2u9s,https://www.youtube.com/watch?v=ozpoJE-2u9s,KC Videos archive,Kellyoke | The Chain (Fleetwood Mac),91000,104
2021-09-13,3,361,1,On Top of the World,Imagine Dragons,Pop,2013,8,Kelly Clarkson,no,,,no,Nf6bCwyrhHo,https://www.youtube.com/watch?v=Nf6bCwyrhHo,KC Videos archive,Kellyoke | On Top of the World (Imagine Dragons),75000,197
2021-09-14,3,362,2,Ain't No Mountain High Enough,Marvin Gaye & Tammi Terrell,Pop,1967,54,Kelly Clarkson,no,,,no,6hl-JW3kAvU,https://www.youtube.com/watch?v=6hl-JW3kAvU,KC Videos archive,Kellyoke | Ain't No Mountain High Enough (Marvin Gaye & Tammi Terrell),61000,103
2021-09-15,3,363,3,Valerie,Mark Ronson & Amy Winehouse,Pop,2006,15,Kelly Clarkson,no,,,no,As9pTpUe06E,https://www.youtube.com/watch?v=As9pTpUe06E,KC Videos archive,Kellyoke | Valerie (Amy Winehouse),108000,93
2021-09-16,3,364,4,What's Love Got to Do with It?,Tina Turner,Rock,1984,37,Kelly Clarkson,no,,,no,fhH-gNd-yjo,https://www.youtube.com/watch?v=fhH-gNd-yjo,The Kelly Clarkson Show (official),Kelly Clarkson Covers 'What's Love Got To Do With It' By Tina Turner | Kellyoke,274000,118
2021-09-17,3,365,5,Cry Me a River,Julie London,Rock,1970,51,Kelly Clarkson,no,,,no,sUNHSbEkG2E,https://www.youtube.com/watch?v=sUNHSbEkG2E,KC Videos archive,Kellyoke | Cry Me A River (Julie London),21000,109
2021-09-20,3,366,6,Two Princes,Spin Doctors,Rock,1993,28,Kelly Clarkson,no,,,no,iyL9Mp9mghw,https://www.youtube.com/watch?v=iyL9Mp9mghw,KC Videos archive,Kellyoke | Two Princes (Spin Doctors),43000,107
2021-09-21,3,367,7,Escapade,Janet Jackson,Pop,1990,31,Kelly Clarkson,no,,,no,LSA-rihuvdw,https://www.youtube.com/watch?v=LSA-rihuvdw,KC Videos archive,Kellyoke | Escapade (Janet Jackson),95000,102
2021-09-22,3,368,8,Fool for You,Snoh Aalegra,R&B / Soul,2011,10,Kelly Clarkson,no,,,no,-Brzmr5UPIU,https://www.youtube.com/watch?v=-Brzmr5UPIU,KC Videos archive,Kellyoke | Fool For You (Alice Smith),12000,97
2021-09-23,3,369,9,Make Me Feel,Janelle Monáe,R&B / Soul,2018,3,Kelly Clarkson,no,,,no,y6bXtMfkQqg,https://www.youtube.com/watch?v=y6bXtMfkQqg,KC Videos archive,Kellyoke | Make Me Feel (Janelle Monae),18000,91
2021-09-24,3,370,10,You Love Me,Kelly Clarkson,Rock,2011,10,Kelly Clarkson,no,,,no,jBQXPshvUuo,https://www.youtube.com/watch?v=jBQXPshvUuo,KC Videos archive,Kellyoke (Classic) | You Love Me,57000,119
2021-09-27,3,371,11,Enjoy the Silence,Depeche Mode,Pop,1990,31,Kelly Clarkson,no,,,no,DQv9yY1G7Uo,https://www.youtube.com/watch?v=DQv9yY1G7Uo,KC Videos archive,Kellyoke | Enjoy the Silence (Depeche Mode),19000,91
2021-09-28,3,372,12,My Own Worst Enemy,Lit,Punk,1999,22,Kelly Clarkson,no,,,no,MO_HyZIyNOs,https://www.youtube.com/watch?v=MO_HyZIyNOs,KC Videos archive,Kellyoke | My Own Worst Enemy (Lit),46000,115
2021-09-29,3,373,13,River,Leon Bridges,R&B / Soul,,,Kelly Clarkson,no,,,no,Ya4t2U8aB88,https://www.youtube.com/watch?v=Ya4t2U8aB88,KC Videos archive,Kellyoke | River (Leon Bridges),65000,100
2021-09-30,3,374,14,Happier Than Ever,Billie Eilish,Punk,2021,0,Kelly Clarkson,no,,,no,zxi3TPtKOLU,https://www.youtube.com/watch?v=zxi3TPtKOLU,KC Videos archive,Kellyoke | Happier Than Ever (Billie Eilish),706000,117
2021-10-01,3,375,15,Saving All My Love for You,Whitney Houston,R&B / Soul,1985,36,Kelly Clarkson,no,,,no,Ao54XuhIsZ8,https://www.youtube.com/watch?v=Ao54XuhIsZ8,KC Videos archive,Kellyoke | Saving All My Love For You (Whitney Houston),230000,117
2021-10-04,3,376,16,Step by Step/Whatta Man/Hangin' Tough,,,,,Kelly Clarkson,no,,,no,lJ14k-eaFec,https://www.youtube.com/watch?v=lJ14k-eaFec,KC Videos archive,"Kellyoke | Step by Step/Whatta Man/Hangin' Tough (New Kids on the Block, Salt N Pepa & En Vogue)",111000,256
2021-10-05,3,377,17,If I Ever Lose My Faith in You,Sting,Pop,1993,28,Kelly Clarkson,no,,,no,J3EZeANfOhw,https://www.youtube.com/watch?v=J3EZeANfOhw,KC Videos archive,Kellyoke | If I Ever Lose My Faith In You (Sting),14000,110
2021-10-06,3,378,18,Save the Best for Last,Vanessa Williams,Pop,1992,29,Kelly Clarkson,no,,,no,gnAcqpS1lIc,https://www.youtube.com/watch?v=gnAcqpS1lIc,KC Videos archive,Kellyoke | Save the Best for Last (Vanessa Williams),106000,115
2021-10-07,3,379,19,Wild West,Lissie,Rock,,,Kelly Clarkson,no,,,no,U-SRmNseZFA,https://www.youtube.com/watch?v=U-SRmNseZFA,KC Videos archive,Kellyoke | Wild West (Lissie),9200,105
2021-10-08,3,380,20,Tightrope,Kelly Clarkson,Pop,2015,6,Kelly Clarkson,no,,,no,4tmUOTlU0fs,https://www.youtube.com/watch?v=4tmUOTlU0fs,KC Videos archive,Kellyoke (Classic) | Tightrope,31000,109
2021-10-11,3,381,21,Let's Go to Vegas,Faith Hill,Country,1995,26,Kelly Clarkson,no,,,no,SCJX9zngNVE,https://www.youtube.com/watch?v=SCJX9zngNVE,KC Videos archive,Kellyoke | Let's Go To Vegas (Faith Hill),13000,96
2021-10-12,3,382,22,Real Love,Mary J. Blige,R&B / Soul,1992,29,Kelly Clarkson,no,,,no,_boVKvORBb0,https://www.youtube.com/watch?v=_boVKvORBb0,KC Videos archive,Kellyoke | Real Love (Mary J Blige),21000,92
2021-10-13,3,383,23,Mama Said,The Shirelles,R&B / Soul,1961,60,Kelly Clarkson,no,,,no,FvM3lWla1iw,https://www.youtube.com/watch?v=FvM3lWla1iw,KC Videos archive,Kellyoke - Mama Said (The Shirelles),45000,93
2021-10-14,3,384,24,Dreams,Beck,Rock,2015,6,Kelly Clarkson,no,,,no,qUo2f3UKrFg,https://www.youtube.com/watch?v=qUo2f3UKrFg,KC Videos archive,Kellyoke | Dreams (Beck),9900,100
2021-10-15,3,385,25,Let's Dance,David Bowie,R&B / Soul,1983,38,Kelly Clarkson,no,,,no,Qulk-EEGxEA,https://www.youtube.com/watch?v=Qulk-EEGxEA,KC Videos archive,Kellyoke | Let's Dance (David Bowie),19000,102
2021-10-18,3,386,26,It's Your Thing,The Isley Brothers,R&B / Soul,1969,52,Kelly Clarkson,no,,,no,hI72CbLKiSM,https://www.youtube.com/watch?v=hI72CbLKiSM,KC Videos archive,Kellyoke | It's Your Thing (The Isley Brothers),11000,101
2021-10-19,3,387,27,Crash into Me,Dave Matthews,Rock,1996,25,Kelly Clarkson,no,,,no,2n6URipEdRI,https://www.youtube.com/watch?v=2n6URipEdRI,KC Videos archive,Kellyoke | Crash Into Me (Dave Matthews Band),35000,107
2021-10-20,3,388,28,Heart of Glass,Blondie,Electronic,1978,43,Kelly Clarkson,no,,,no,HELTgiFHE0w,https://www.youtube.com/watch?v=HELTgiFHE0w,KC Videos archive,Kellyoke | Heart of Glass (Blondie),38000,102
2021-10-21,3,389,29,I Got You Babe,Sonny & Cher,Rock,1965,56,Kelly Clarkson,no,Jimmy Fallon,,no,LUHzOpdI5-Q,https://www.youtube.com/watch?v=LUHzOpdI5-Q,KC Videos archive,Kellyoke | I Got You Babe [with Jimmy Fallon] (Sonny & Cher),158000,122
2021-10-22,3,390,30,Maybe,Kelly Clarkson,Rock,2007,14,Kelly Clarkson,no,,,no,UgSoPM5mjQk,https://www.youtube.com/watch?v=UgSoPM5mjQk,KC Videos archive,Kellyoke (Classic) | Maybe,96000,129
2021-10-25,3,391,31,Call Out My Name,The Weeknd,R&B / Soul,2018,3,Kelly Clarkson,no,,,no,kBwtAiN1ego,https://www.youtube.com/watch?v=kBwtAiN1ego,The Kelly Clarkson Show (official),Kelly Clarkson Covers 'Call Out My Name' By The Weeknd | Kellyoke,801000,116
2021-10-26,3,392,32,Viva La Vida,Coldplay,Rock,2008,13,Kelly Clarkson,no,,,no,Hs7XC1a7s8s,https://www.youtube.com/watch?v=Hs7XC1a7s8s,KC Videos archive,Kellyoke | Viva La Vida (Coldplay),111000,113
2021-10-27,3,393,33,"River Deep, Mountain High",Ike & Tina Turner,R&B / Soul,1966,55,Kelly Clarkson,no,,,no,R19tFc1DWcE,https://www.youtube.com/watch?v=R19tFc1DWcE,KC Videos archive,"Kellyoke | River Deep, Mountain High (Ike & Tina Turner)",81000,104
2021-10-28,3,394,34,Karma Police,Radiohead,Rock,1997,24,Kelly Clarkson,no,,,no,OvFC-WcQESY,https://www.youtube.com/watch?v=OvFC-WcQESY,KC Videos archive,Kellyoke | Karma Police (Radiohead),46000,108
2021-10-29,3,395,35,Ghostbusters,Ray Parker Jr,Pop,1984,37,Kelly Clarkson,no,,,no,r3p7H1wBvew,https://www.youtube.com/watch?v=r3p7H1wBvew,KC Videos archive,Kellyoke | Ghostbusters (Ray Parker Jr),24000,131
2021-11-01,3,396,36,Pavement Cracks,Annie Lennox,Rock,2003,18,Kelly Clarkson,no,,,no,_48MV7Xi3_s,https://www.youtube.com/watch?v=_48MV7Xi3_s,KC Videos archive,Kellyoke | Pavement Cracks (Annie Lennox),8600,94
2021-11-02,3,397,37,Home,Michael Buble,Pop,2005,16,Kelly Clarkson,no,,,no,9aY-cHH6_zw,https://www.youtube.com/watch?v=9aY-cHH6_zw,KC Videos archive,Kellyoke | Home (Michael Buble),56000,106
2021-11-03,3,398,38,Ring of Fire,Johnny Cash,Country,1963,58,Kelly Clarkson,no,,,yes,j8O6L8_Q-tE,https://www.youtube.com/watch?v=j8O6L8_Q-tE,KC Videos archive,Kellyoke | Ring of Fire (Johnny Cash),70000,96
2021-11-04,3,399,39,I Love the Way You Love Me,John Michael Montgomery,Country,1993,28,Kelly Clarkson,no,,,no,wSnBjUvlSmI,https://www.youtube.com/watch?v=wSnBjUvlSmI,KC Videos archive,Kellyoke | I Love the Way You Love Me (John Michael Montgomery),27000,107
2021-11-05,3,400,40,Hit 'Em Up Style (Oops!),Blu Cantrell,R&B / Soul,2001,20,Kelly Clarkson,no,,,no,_NkdyZ7TomI,https://www.youtube.com/watch?v=_NkdyZ7TomI,KC Videos archive,Kellyoke | Hit Em Up Style (Blu Cantrell),49000,107
2021-11-08,3,401,41,Bad Habits,Ed Sheeran,Pop,2021,0,Kelly Clarkson,no,,,no,508l83cKpco,https://www.youtube.com/watch?v=508l83cKpco,KC Videos archive,Kellyoke | Bad Habits (Ed Sheeran),102000,109
2021-11-09,3,402,42,You Ain't Much Fun,Toby Keith,Country,1995,26,Kelly Clarkson,no,,,no,pCu6fhOYMeY,https://www.youtube.com/watch?v=pCu6fhOYMeY,KC Videos archive,Kellyoke | You Ain't Much Fun (Toby Keith),19000,101
2021-11-10,3,403,43,You've Got a Friend,Carole King,Rock,1971,50,Kelly Clarkson,no,,,no,sl7qAKk41W0,https://www.youtube.com/watch?v=sl7qAKk41W0,KC Videos archive,Kellyoke | You've Got A Friend (Carole King),15000,111
2021-11-11,3,404,44,Welcome to the Black Parade,My Chemical Romance,Rock,2006,15,Kelly Clarkson,no,,,no,PT5H-LV5RYc,https://www.youtube.com/watch?v=PT5H-LV5RYc,KC Videos archive,Kellyoke | Welcome To the Black Parade (My Chemical Romance),155000,103
2021-11-12,3,405,45,If I Can't Have You,Kelly Clarkson,Electronic,,,Kelly Clarkson,no,,,no,wWD0_w5ZvDA,https://www.youtube.com/watch?v=wWD0_w5ZvDA,KC Videos archive,Kellyoke (Classic) | If I Can't Have You,27000,106
2021-11-15,3,406,46,Stop This Flame,Celeste,R&B / Soul,2020,1,Kelly Clarkson,no,,,no,nQbnO7Ib4cI,https://www.youtube.com/watch?v=nQbnO7Ib4cI,KC Videos archive,Kellyoke | Stop This Flame (Celeste),25000,105
2021-11-16,3,407,47,Ooh Laa,John Legend,R&B / Soul,,,Kelly Clarkson,no,,,no,MA-B2jhEK04,https://www.youtube.com/watch?v=MA-B2jhEK04,KC Videos archive,Kellyoke | Ooh Laa (John Legend),24000,98
2021-11-17,3,408,48,Meet Me at Our Spot,THE ANXIETY,Rock,2021,0,Kelly Clarkson,no,,,no,N7jFSxVRh04,https://www.youtube.com/watch?v=N7jFSxVRh04,KC Videos archive,Kellyoke | Meet Me At Our Spot (The Anxiety),199000,97
2021-11-18,3,409,49,Gimme Some Money,Spinal Tap,Rock,,,Kelly Clarkson,no,,,no,q6PwzIIWAOI,https://www.youtube.com/watch?v=q6PwzIIWAOI,KC Videos archive,Kellyoke | Gimme Some Money (Spinal Tap),8900,113
2021-11-19,3,410,50,I'll Think of a Reason Later,Lee Ann Womack,Country,1998,23,Kelly Clarkson,no,,,no,6oyWDJKNXP0,https://www.youtube.com/watch?v=6oyWDJKNXP0,KC Videos archive,Kellyoke | I'll Think of A Reason Later (Lee Ann Womack),15000,101
2021-11-22,3,411,51,Lady Like,Ingrid Andress,Country,2020,1,Kelly Clarkson,no,,,no,VhpniqF4UVE,https://www.youtube.com/watch?v=VhpniqF4UVE,KC Videos archive,Kellyoke | Lady Like (Ingrid Andress),27000,117
2021-11-23,3,412,52,Rebel Yell,Billy Idol,Rock,1984,37,Kelly Clarkson,no,,,no,_yBNUh2-t1E,https://www.youtube.com/watch?v=_yBNUh2-t1E,KC Videos archive,Kellyoke | Rebel Yell (Billy Idol),22000,105
2021-11-24,3,413,53,Fake Plastic Trees,Radiohead,Rock,1995,26,Kelly Clarkson,no,,,no,I7ra5UZ0DIU,https://www.youtube.com/watch?v=I7ra5UZ0DIU,The Kelly Clarkson Show (official),Kelly Clarkson Covers 'Fake Plastic Trees' By Radiohead | Kellyoke,226000,132
2021-11-29,3,414,54,Where Is My Mind?,Pixies,Rock,1988,33,Kelly Clarkson,no,,,no,UawoMf2kE7I,https://www.youtube.com/watch?v=UawoMf2kE7I,KC Videos archive,Kellyoke | Where Is My Mind? (The Pixies),33000,107
2021-11-30,3,415,55,Pride and Joy,Stevie Ray Vaughan,Jazz / Blues,1983,38,Kelly Clarkson,no,,,no,5wksYslBvZg,https://www.youtube.com/watch?v=5wksYslBvZg,KC Videos archive,Kellyoke | Pride and Joy (Stevie Ray Vaughn),24000,103
2021-12-01,3,416,56,Blue Bayou,Linda Ronstadt,Country,1963,58,Kelly Clarkson,no,,,yes,z8301IOPh2I,https://www.youtube.com/watch?v=z8301IOPh2I,KC Videos archive,Kellyoke | Blue Bayou (Linda Ronstadt),39000,113
2021-12-02,3,417,57,Who Are You When I'm Not Looking,Blake Shelton,Country,2010,11,Kelly Clarkson,no,,,no,VsZX2bx0wOk,https://www.youtube.com/watch?v=VsZX2bx0wOk,KC Videos archive,Kellyoke | Who Are You When I'm Not Looking (Blake Shelton),27000,115
2021-12-03,3,418,58,7 Rings,Ariana Grande,Hip hop,2019,2,Kelly Clarkson,no,,,no,ptTiZpCnREY,https://www.youtube.com/watch?v=ptTiZpCnREY,KC Videos archive,Kellyoke | 7 Rings (Ariana Grande),1200000,107
2021-12-06,3,419,59,More Than a Feeling,Boston,Rock,1976,45,Kelly Clarkson,no,,,no,hTp0QTiefSE,https://www.youtube.com/watch?v=hTp0QTiefSE,KC Videos archive,Kellyoke | More Than A Feeling (Boston),46000,113
2021-12-07,3,420,60,You're No Good,Linda Ronstadt,R&B / Soul,1963,58,Kelly Clarkson,no,,,no,b6muyb13qqU,https://www.youtube.com/watch?v=b6muyb13qqU,KC Videos archive,Kellyoke | You're No Good (Linda Ronstadt),20000,107
2021-12-08,3,421,61,The Trouble With Love Is,Kelly Clarkson,R&B / Soul,2003,18,Kelly Clarkson,no,,,no,9YuZrVzx0qg,https://www.youtube.com/watch?v=9YuZrVzx0qg,KC Videos archive,Kellyoke Classic | The Trouble With Love Is,78000,131
2021-12-09,3,422,62,There's Your Trouble,Dixie Chicks,Country,1998,23,Kelly Clarkson,no,,,no,1CHsKifbhvI,https://www.youtube.com/watch?v=1CHsKifbhvI,KC Videos archive,Kellyoke | There's Your Trouble (The Chicks),26000,106
2021-12-10,3,423,63,Breath of Heaven (Mary's Song),Amy Grant,Gospel,,,Kelly Clarkson,no,,,no,UpTSgBy6KXY,https://www.youtube.com/watch?v=UpTSgBy6KXY,KC Videos archive,Kellyoke | Breath of Heaven (Amy Grant),15000,98
2021-12-13,3,424,64,Christmas Come Early,Kelly Clarkson,Pop,2021,0,Kelly Clarkson,no,,,no,Erj63kjBFkA,https://www.youtube.com/watch?v=Erj63kjBFkA,KC Videos archive,Kellyoke | Christmas Come Early,5200,121
2021-12-14,3,425,65,Merry Christmas Baby,Kelly Clarkson,Pop,2021,0,Kelly Clarkson,no,,,no,xczEUgIKYKM,https://www.youtube.com/watch?v=xczEUgIKYKM,KC Videos archive,Kellyoke | Merry Christmas Baby,8600,123
2021-12-15,3,426,66,Last Christmas,Wham!,Pop,1984,37,Kelly Clarkson,no,,,no,9DP_WJ4yP90,https://www.youtube.com/watch?v=9DP_WJ4yP90,KC Videos archive,Kellyoke | Last Christmas (Wham),15000,180
2021-12-16,3,427,67,The Christmas Song,,Christmas,1946,75,Kelly Clarkson,no,,,no,JJyPIxZxNOw,https://www.youtube.com/watch?v=JJyPIxZxNOw,KC Videos archive,Kellyoke | The Christmas Song,4900,100
2021-12-17,3,428,68,Blessed,Kelly Clarkson,Pop,2021,0,Kelly Clarkson,no,,,no,UEJZpRF3AAI,https://www.youtube.com/watch?v=UEJZpRF3AAI,KC Videos archive,Kellyoke | Blessed,51000,130
2021-12-20,3,429,69,Leave the Door Open,Silk Sonic,R&B / Soul,2021,0,Kelly Clarkson,no,,,no,cc3Qj6PB8mk,https://www.youtube.com/watch?v=cc3Qj6PB8mk,KC Videos archive,Kellyoke | Leave the Door Open (Silk Sonic),346000,114
2022-01-03,3,430,70,You Make My Dreams,Hall & Oates,Rock,1981,41,Kelly Clarkson,no,,,no,nPi6-c-V_Lw,https://www.youtube.com/watch?v=nPi6-c-V_Lw,KC Videos archive,Kellyoke | You Make My Dreams Come True (Hall & Oates),27000,84
2022-01-04,3,431,71,Another Day in Paradise,Phil Collins,Rock,1989,33,Kelly Clarkson,no,,,no,1SX_LO0peTo,https://www.youtube.com/watch?v=1SX_LO0peTo,KC Videos archive,Kellyoke | Another Day In Paradise (Phil Collins),33000,112
2022-01-05,3,432,72,Forever Young,Rod Stewart,Rock,,,Kelly Clarkson,no,,,no,okJUWHFWOSc,https://www.youtube.com/watch?v=okJUWHFWOSc,KC Videos archive,Kellyoke | Forever Young (Rod Stewart),46000,107
2022-01-06,3,433,73,"Both Sides, Now",Joni Mitchell,Rock,1969,53,Kelly Clarkson,no,,,no,K-u4GZDEfq8,https://www.youtube.com/watch?v=K-u4GZDEfq8,KC Videos archive,Kellyoke | Both Sides Now (Joni Mitchell),62000,104
2022-01-07,3,434,74,She Used to Be Mine,Sara Bareilles,Pop,2015,7,Kelly Clarkson,no,,,no,mHWIwvOZPU8,https://www.youtube.com/watch?v=mHWIwvOZPU8,KC Videos archive,Kellyoke | She Used to Be Mine,952000,135
2022-01-10,3,435,75,The End of the World,Sharon Van Etten,Rock,,,Kelly Clarkson,no,,,no,w9bcf8lw0vE,https://www.youtube.com/watch?v=w9bcf8lw0vE,KC Videos archive,Kellyoke | The End of the World (Sharon Van Eaton),12000,107
2022-01-11,3,436,76,Kiss,Prince,R&B / Soul,1986,36,Kelly Clarkson,no,,,yes,mENbFBQ7FBg,https://www.youtube.com/watch?v=mENbFBQ7FBg,KC Videos archive,Kellyoke | Kiss (Prince),65000,97
2022-01-12,3,437,77,Hands Clean,Alanis Morissette,Rock,2002,20,Kelly Clarkson,no,,,no,_xiHPIcGWD0,https://www.youtube.com/watch?v=_xiHPIcGWD0,KC Videos archive,Kellyoke | Hands Clean (Alanis Morissette),140000,123
2022-01-13,3,438,78,working,Tate McRae & Khalid,Pop,2021,1,Kelly Clarkson,no,,,no,YSv-akueAOQ,https://www.youtube.com/watch?v=YSv-akueAOQ,KC Videos archive,Kellyoke | Working (Tate McRae & Khalid),10000,109
2022-01-14,3,439,79,Angel of the Morning,The Pretenders,Pop,1967,55,Kelly Clarkson,no,,,no,2WrFLnCa4xo,https://www.youtube.com/watch?v=2WrFLnCa4xo,KC Videos archive,Kellyoke | Angel of the Morning (Juice Newton),43000,107
2022-01-17,3,440,80,Someone,Kelly Clarkson,Pop,,,Kelly Clarkson,no,,,no,EuYuZ6NEgz0,https://www.youtube.com/watch?v=EuYuZ6NEgz0,KC Videos archive,Kellyoke (Classic) | Someone,35000,119
2022-01-18,3,441,81,Crazy,Aerosmith,Rock,1994,28,Kelly Clarkson,no,,,no,TY6OptUPgUg,https://www.youtube.com/watch?v=TY6OptUPgUg,KC Videos archive,Kellyoke | Crazy (Aerosmith),66000,104
2022-01-19,3,442,82,Take My Breath,The Weeknd,Pop,2021,1,Kelly Clarkson,no,,,no,Pf_86TmFgic,https://www.youtube.com/watch?v=Pf_86TmFgic,KC Videos archive,Kellyoke | Take My Breath (The Weeknd),23000,89
2022-01-20,3,443,83,Adia,Sarah McLachlan,Pop,1998,24,Kelly Clarkson,no,,,no,KrXUV_dhspI,https://www.youtube.com/watch?v=KrXUV_dhspI,KC Videos archive,Kellyoke | Adia (Sarah McLachlan),19000,97
2022-01-21,3,444,84,Love Tonight,Shouse,Electronic,2017,5,Kelly Clarkson,no,,,no,n0HVknMgLA4,https://www.youtube.com/watch?v=n0HVknMgLA4,KC Videos archive,Kellyoke | Love Tonight (Shouse),8700,105
2022-01-25,3,445,85,What Have You Done For Me Lately,Janet Jackson,Pop,1986,36,Kelly Clarkson,no,,,no,8fT-UQupR0U,https://www.youtube.com/watch?v=8fT-UQupR0U,KC Videos archive,Kellyoke | What Have You Done For Me Lately (Janet Jackson),21000,100
2022-01-27,3,446,86,Saving All My Love for You,Whitney Houston,R&B / Soul,1985,37,Kelly Clarkson,no,,,yes,Ao54XuhIsZ8,https://www.youtube.com/watch?v=Ao54XuhIsZ8,KC Videos archive,Kellyoke | Saving All My Love For You (Whitney Houston),230000,117
2022-01-28,3,447,87,I Drove All Night,Celine Dion,Rock,1989,33,Kelly Clarkson,no,,,no,fwRFFTo33Oo,https://www.youtube.com/watch?v=fwRFFTo33Oo,KC Videos archive,Kellyoke | I Drove All Night (Celine Dion),201000,98
2022-01-31,3,448,88,Karma Police,Radiohead,Rock,1997,25,Kelly Clarkson,no,,,yes,OvFC-WcQESY,https://www.youtube.com/watch?v=OvFC-WcQESY,KC Videos archive,Kellyoke | Karma Police (Radiohead),46000,108
2022-02-01,3,449,89,Don't Dream It's Over,Crowded House,Rock,1986,36,Kelly Clarkson,no,,,no,WGJEOKpHuSk,https://www.youtube.com/watch?v=WGJEOKpHuSk,KC Videos archive,Kellyoke | Don't Dream It's Over (Crowded House),52000,107
2022-02-02,3,450,90,Two Princes,Spin Doctors,Rock,1993,29,Kelly Clarkson,no,,,yes,iyL9Mp9mghw,https://www.youtube.com/watch?v=iyL9Mp9mghw,KC Videos archive,Kellyoke | Two Princes (Spin Doctors),43000,107
2022-02-03,3,451,91,More Hearts Than Mine,Ingrid Andress,Country,2019,3,Kelly Clarkson,no,,,no,sLSfyidegCk,https://www.youtube.com/watch?v=sLSfyidegCk,KC Videos archive,Kellyoke | More Hearts Than Mine (Ingrid Andress),23000,98
2022-02-07,3,452,92,Arcade,Duncan Laurence,Pop,,,Kelly Clarkson,no,,,no,C7_1LjebmU0,https://www.youtube.com/watch?v=C7_1LjebmU0,KC Videos archive,Kellyoke | Arcade (Duncan Laurence),154000,106
2022-02-08,3,453,93,Heartache Tonight,The Eagles,Rock,1979,43,Kelly Clarkson,no,,,no,NxZr0MK1VJM,https://www.youtube.com/watch?v=NxZr0MK1VJM,Xavier Del Cid archive,Kelly Clarkson Covers 'Heartache Tonight' By The Eagles l Kellyoke,75,109
2022-02-09,3,454,94,Viva La Vida,Coldplay,Rock,2008,14,Kelly Clarkson,no,,,yes,Hs7XC1a7s8s,https://www.youtube.com/watch?v=Hs7XC1a7s8s,KC Videos archive,Kellyoke | Viva La Vida (Coldplay),111000,113
2022-02-10,3,455,95,Breadwinner,Kacey Musgraves,Pop,2021,1,Kelly Clarkson,no,,,no,7QDE9CYP_Lo,https://www.youtube.com/watch?v=7QDE9CYP_Lo,KC Videos archive,Kellyoke - breadwinner (Kacey Musgraves),17000,108
2022-02-11,3,456,96,Double Take,Dhruv,,,,Kelly Clarkson,no,,,no,s93Xc19aPPU,https://www.youtube.com/watch?v=s93Xc19aPPU,KC Videos archive,Kellyoke - double take (dhruv),8900,101
2022-02-14,3,457,97,Alone,Kelly Clarkson,Rock,2011,11,Kelly Clarkson,no,,,no,xnVaxtRC988,https://www.youtube.com/watch?v=xnVaxtRC988,KC Videos archive,Kellyoke (Classic) - Alone,62000,106
2022-02-15,3,458,98,Make Me Feel,Janelle Monáe,R&B / Soul,2018,4,Kelly Clarkson,no,,,yes,y6bXtMfkQqg,https://www.youtube.com/watch?v=y6bXtMfkQqg,KC Videos archive,Kellyoke | Make Me Feel (Janelle Monae),18000,91
2022-02-16,3,459,99,Happier,Marshmello & Bastille,Pop,2018,4,Kelly Clarkson,no,,,no,vTJB0hW0M48,https://www.youtube.com/watch?v=vTJB0hW0M48,KC Videos archive,Kellyoke - Happier (Marshmello & Bastille),47000,109
2022-02-17,3,460,100,A-O-K,Tai Verdes,Rock,2021,1,Kelly Clarkson,no,,,no,84LgAEbKkMg,https://www.youtube.com/watch?v=84LgAEbKkMg,KC Videos archive,Kellyoke - A-O-K (Tai Verdes),15000,102
2022-02-18,3,461,101,Boot Scootin' Boogie,Brooks & Dunn,Country,1992,30,Kelly Clarkson,no,,,no,w0ct0AedBTc,https://www.youtube.com/watch?v=w0ct0AedBTc,KC Videos archive,Kellyoke - Boot Scootin' Boogie (Brooks & Dunn),62000,114
2022-02-21,3,462,102,I Wanna Get Better,Bleachers,Rock,2014,8,Kelly Clarkson,no,,,no,plN8kJkJWtY,https://www.youtube.com/watch?v=plN8kJkJWtY,KC Videos archive,Kellyoke | I Wanna Get Better (Bleachers),187000,112
2022-02-22,3,463,103,Only Love Can Hurt Like This,Paloma Faith,Pop,2014,8,Kelly Clarkson,no,,,no,n4pKTGk3Ao0,https://www.youtube.com/watch?v=n4pKTGk3Ao0,KC Videos archive,Kellyoke | Only Love Can Hurt Like This (Paloma Faith),2500000,96
2022-02-23,3,464,104,Faith,George Michael,Pop,1987,35,Kelly Clarkson,no,,,no,MD7liSMPdHc,https://www.youtube.com/watch?v=MD7liSMPdHc,KC Videos archive,Kellyoke | Faith (George Michael),50000,102
2022-02-24,3,465,105,Better Class of Losers,Randy Travis,Country,1991,31,Kelly Clarkson,no,,,no,N-4Umq8CvHs,https://www.youtube.com/watch?v=N-4Umq8CvHs,KC Videos archive,Kellyoke | Better Class of Losers (Randy Travis),13000,101
2022-02-25,3,466,106,99 Red Balloons,Nena,Pop,1983,39,Kelly Clarkson,no,,,no,k7O9Gw8BwXM,https://www.youtube.com/watch?v=k7O9Gw8BwXM,KC Videos archive,Kellyoke | 99 Red Balloons (Nena),30000,129
2022-02-28,3,467,107,Love Takes Time,Mariah Carey,Pop,1990,32,Kelly Clarkson,no,,,no,yaFJ0byrMEI,https://www.youtube.com/watch?v=yaFJ0byrMEI,KC Videos archive,Kellyoke | Love Takes Time (Mariah Carey),225000,105
2022-03-01,3,468,108,Shivers,Ed Sheeran,Pop,2021,1,Kelly Clarkson,no,,,no,WJuMo-hBCXk,https://www.youtube.com/watch?v=WJuMo-hBCXk,KC Videos archive,Kellyoke | Shivers (Ed Sheeran),109000,105
2022-03-02,3,469,109,I Just Called to Say I Love You,Stevie Wonder,R&B / Soul,1984,38,Kelly Clarkson,no,,,no,-sLdtn1Ue58,https://www.youtube.com/watch?v=-sLdtn1Ue58,KC Videos archive,Kellyoke | I Just Called To Say I Love You (Stevie Wonder),47000,85
2022-03-03,3,470,110,Chasing Cars,Snow Patrol,Rock,2006,16,Kelly Clarkson,no,,,no,BPTmYibJJsU,https://www.youtube.com/watch?v=BPTmYibJJsU,KC Videos archive,Kellyoke | Chasing Cars (Snow Patrol),496000,118
2022-03-04,3,471,111,Here Comes the Rain Again,Eurythmics,Rock,1984,38,Kelly Clarkson,no,,,no,pxQ2gRGUbWk,https://www.youtube.com/watch?v=pxQ2gRGUbWk,KC Videos archive,Kellyoke | Here Comes the Rain Again (Eurythmics),36000,102
2022-03-14,3,472,112,Jolene,Dolly Parton,Country,1973,49,Kelly Clarkson,no,,,no,fMxT93nCn-g,https://www.youtube.com/watch?v=fMxT93nCn-g,KC Videos archive,Kellyoke - Jolene (Dolly Parton),90000,108
2022-03-15,3,473,113,Nostalgic,Kelly Clarkson,Pop,2015,7,Kelly Clarkson,no,,,no,uCelTVJQzYY,https://www.youtube.com/watch?v=uCelTVJQzYY,KC Videos archive,Kellyoke (Classic) | Nostalgic,15000,99
2022-03-16,3,474,114,Free,Rudimental feat. Emeli Sandé,Pop,2022,0,Kelly Clarkson,no,,,no,ekXHVouS_2M,https://www.youtube.com/watch?v=ekXHVouS_2M,KC Videos archive,Kellyoke | Free (Rudimental),13000,110
2022-03-17,3,475,115,In the Blue,Kelly Clarkson,Pop,2015,7,Kelly Clarkson,no,,,no,F0p36WkCt-I,https://www.youtube.com/watch?v=F0p36WkCt-I,KC Videos archive,Kellyoke (Classic) | In the Blue,12000,109
2022-03-18,3,476,116,Better Things to Do,Terri Clark,Country,1995,27,Kelly Clarkson,no,,,no,RmdfYP_e6bA,https://www.youtube.com/watch?v=RmdfYP_e6bA,KC Videos archive,Kellyoke | Better Things To Do (Terri Clark),21000,110
2022-03-21,3,477,117,Judas,Kelly Clarkson,Rock,2007,15,Kelly Clarkson,no,,,no,LCyC05Jvo0c,https://www.youtube.com/watch?v=LCyC05Jvo0c,KC Videos archive,Kellyoke (Classic) -  Judas,18000,109
2022-03-22,3,478,118,Tonight I Wanna Cry,Keith Urban,Country,2005,17,Kelly Clarkson,no,,,no,VMZnjJL3pVU,https://www.youtube.com/watch?v=VMZnjJL3pVU,KC Videos archive,Kellyoke -  Tonight I Wanna Cry (Keith Urban),46000,125
2022-03-23,3,479,119,I Gotta Feeling,Black Eyed Peas,Pop,2009,13,Kelly Clarkson,no,,,no,AAKdSMdDsus,https://www.youtube.com/watch?v=AAKdSMdDsus,KC Videos archive,Kellyoke - I Gotta Feeling (Black Eyed Peas),20000,88
2022-03-24,3,480,120,Rescue,Lauren Daigle,Gospel,2019,3,Kelly Clarkson,no,,,no,lLdaNDDnb_E,https://www.youtube.com/watch?v=lLdaNDDnb_E,KC Videos archive,Kellyoke - Rescue (Lauren Daigle),11000,91
2022-03-28,3,481,121,Lovely,Billie Eilish & Khalid,Pop,2018,4,Kelly Clarkson,no,,,no,E0CWVHzmvjc,https://www.youtube.com/watch?v=E0CWVHzmvjc,KC Videos archive,Kellyoke | lovely (Billie Eilish),71000,107
2022-03-29,3,482,122,High Horse,Kacey Musgraves,Electronic,2018,4,Kelly Clarkson,no,,,no,mpJKDEPKnVM,https://www.youtube.com/watch?v=mpJKDEPKnVM,KC Videos archive,Kellyoke | High Horse (Kacey Musgraves),12000,104
2022-03-30,3,483,123,Almost Doesn't Count,Brandy,Pop,1999,23,Kelly Clarkson,no,,,no,RzgqkKca_HI,https://www.youtube.com/watch?v=RzgqkKca_HI,KC Videos archive,Kellyoke | Almost Doesn't Count (Brandy),27000,102
2022-03-31,3,484,124,Son of a Preacher Man,Dusty Springfield,R&B / Soul,1968,54,Kelly Clarkson,no,,,no,RCEW6peq-Z0,https://www.youtube.com/watch?v=RCEW6peq-Z0,KC Videos archive,Kellyoke | Son of a Preacher Man (Dusty Springfield),62000,100
2022-04-04,3,485,125,Dancing in the Street,Martha and the Vandellas,R&B / Soul,1964,58,Kelly Clarkson,no,,,no,CNBldwNC4c4,https://www.youtube.com/watch?v=CNBldwNC4c4,KC Videos archive,Kellyoke | Dancing in the Street (Martha and the Vandellas),20000,106
2022-04-05,3,486,126,Vincent,Don McLean,Rock,1972,50,Kelly Clarkson,no,,,no,qkyITAC1wSU,https://www.youtube.com/watch?v=qkyITAC1wSU,KC Videos archive,Kellyoke | Vincent (Don McLean),13000,120
2022-04-06,3,487,127,Show Me the Meaning of Being Lonely,Backstreet Boys,Pop,1999,23,Kelly Clarkson,no,,,no,OEQ3OoVNeOA,https://www.youtube.com/watch?v=OEQ3OoVNeOA,KC Videos archive,Kellyoke | Show Me the Meaning of Being Lonely (Backstreet Boys),72000,112
2022-04-07,3,488,128,Dancing Queen,ABBA,Electronic,1976,46,Kelly Clarkson,no,,,no,ORrX130Jquk,https://www.youtube.com/watch?v=ORrX130Jquk,KC Videos archive,Kellyoke | Dancing Queen (ABBA),443000,117
2022-04-08,3,489,129,Footloose,Kenny Loggins,Rock,1984,38,Kelly Clarkson,no,,,no,u0RJPfgIhHU,https://www.youtube.com/watch?v=u0RJPfgIhHU,KC Videos archive,Kellyoke | Footloose (Kenny Loggins),89000,105
2022-04-11,3,490,130,Show Me What I'm Looking For,Carolina Liar,Rock,2008,14,Kelly Clarkson,no,,,no,y_6RRYkZm0I,https://www.youtube.com/watch?v=y_6RRYkZm0I,KC Videos archive,Kellyoke | Show Me What I'm Looking For (Carolina Liar),30000,97
2022-04-12,3,491,131,Castles,Freya Ridings,Pop,2019,3,Kelly Clarkson,no,,,no,KiTOa1JHxkI,https://www.youtube.com/watch?v=KiTOa1JHxkI,KC Videos archive,Kellyoke | Castles (Freya Ridings),19000,98
2022-04-13,3,492,132,Leave Before You Love Me,Marshmello & Jonas Brothers,Pop,2021,1,Kelly Clarkson,no,,,no,HkhKfF6QOiw,https://www.youtube.com/watch?v=HkhKfF6QOiw,KC Videos archive,Kellyoke | Leave Before You Love Me (Jonas Brothers),105000,94
2022-04-14,3,493,133,half of my hometown,Kelsea Ballerini & Kenny Chesney,Country,2021,1,Kelly Clarkson,no,,,no,n6YVujoE16w,https://www.youtube.com/watch?v=n6YVujoE16w,KC Videos archive,Kellyoke | Half of My Hometown (Kelsea Ballerini ft. Kenney Chesney),12000,103
2022-04-18,3,494,134,Don't Stop Believin',Journey,Rock,1981,41,Kelly Clarkson,no,,,no,_wXLekLkVeI,https://www.youtube.com/watch?v=_wXLekLkVeI,KC Videos archive,Kellyoke | Don't Stop Believin' (Journey),795000,109
2022-04-19,3,495,135,I Ran (So Far Away),A Flock of Seagulls,Rock,1982,40,Kelly Clarkson,no,,,no,enY31hVxJCc,https://www.youtube.com/watch?v=enY31hVxJCc,KC Videos archive,Kellyoke | I Ran So Far Away (Flock of Seagulls),13000,106
2022-04-20,3,496,136,Get Down on It,Kool & The Gang,R&B / Soul,1981,41,Kelly Clarkson,no,,,no,F27W6aQc8vQ,https://www.youtube.com/watch?v=F27W6aQc8vQ,KC Videos archive,Kellyoke | Get Down On It (Kool & The Gang),14000,96
2022-04-21,3,497,137,I Wouldn't Have Missed It for the World,Ronnie Milsap,Country,1981,41,Kelly Clarkson,no,,,no,xDJGBcIt5e8,https://www.youtube.com/watch?v=xDJGBcIt5e8,KC Videos archive,Kellyoke | I Wouldn't Have Missed It For the World (Ronnie Milsap),14000,102
2022-04-22,3,498,138,Edge of Seventeen,Stevie Nicks,Rock,1982,40,Kelly Clarkson,no,,,no,_RfYWr-lm7Y,https://www.youtube.com/watch?v=_RfYWr-lm7Y,KC Videos archive,Kellyoke |  Edge of Seventeen (Stevie Nicks),28000,92
2022-04-25,3,499,139,All I Ever Wanted,Kelly Clarkson,Pop,2009,13,Kelly Clarkson,no,,,no,4CBmxJsCKs8,https://www.youtube.com/watch?v=4CBmxJsCKs8,KC Videos archive,Kellyoke (Classic) | All I Ever Wanted,23000,106
2022-04-26,3,500,140,Exit Music (For a Film),Radiohead,Rock,1997,25,Kelly Clarkson,no,,,no,zACyB3AxqJk,https://www.youtube.com/watch?v=zACyB3AxqJk,KC Videos archive,Kellyoke | Exit Music (Radiohead),70000,99
2022-04-27,3,501,141,I'm No Stranger to the Rain,Keith Whitley,Country,1989,33,Kelly Clarkson,no,,,no,XnOzGHd-SkU,https://www.youtube.com/watch?v=XnOzGHd-SkU,KC Videos archive,Kellyoke | I'm No Stranger to the Rain (Keith Whitley),10000,105
2022-04-28,3,502,142,"Never Again, Again",Lee Ann Womack,Country,1997,25,Kelly Clarkson,no,,,no,No4k_40uYX8,https://www.youtube.com/watch?v=No4k_40uYX8,KC Videos archive,"Kellyoke | Never Again, Again (Lee Ann Womack)",11000,112
2022-04-29,3,503,143,Narcissist,Avery Anna,Country,,,Kelly Clarkson,no,,,no,w3We7-jEZK4,https://www.youtube.com/watch?v=w3We7-jEZK4,KC Videos archive,Kellyoke | Narcissist (Avery Anna),27000,102
2022-05-02,3,504,144,Breathe Again,Toni Braxton,Pop,2020,2,Kelly Clarkson,no,,,no,AVl2xsnWVbI,https://www.youtube.com/watch?v=AVl2xsnWVbI,KC Videos archive,Kellyoke | Breathe Again (Toni Braxton),74000,105
2022-05-03,3,505,145,Cold Heart,Elton John & Dua Lipa,Electronic,2021,1,Kelly Clarkson,no,,,no,Vd-A_N71P-Q,https://www.youtube.com/watch?v=Vd-A_N71P-Q,KC Videos archive,Kellyoke | Cold Heart (Elton John ft. Dua Lipa),44000,107
2022-05-04,3,506,146,King of Wishful Thinking,Go West,Pop,1990,32,Kelly Clarkson,no,,,no,LY2SojWlnDk,https://www.youtube.com/watch?v=LY2SojWlnDk,KC Videos archive,Kellyoke | King of Wishful Thinking (Go West),12000,97
2022-05-05,3,507,147,Falling,Harry Styles,R&B / Soul,2020,2,Kelly Clarkson,no,,,no,dXwego5KEpc,https://www.youtube.com/watch?v=dXwego5KEpc,KC Videos archive,Kellyoke | Falling (Harry Styles),839000,112
2022-05-06,3,508,148,Beautiful,Christina Aguilera,Pop,2002,20,Kelly Clarkson,no,,,no,upLW-yNbk70,https://www.youtube.com/watch?v=upLW-yNbk70,KC Videos archive,Kellyoke | Beautiful (Christina Aguilera),65000,114
2022-05-09,3,509,149,How Soon Is Now,The Smiths,Rock,1984,38,Kelly Clarkson,no,,,no,CIsuWRUQ1aU,https://www.youtube.com/watch?v=CIsuWRUQ1aU,KC Videos archive,Kellyoke | How Soon Is Now (The Smiths),38000,92
2022-05-10,3,510,150,The Way You Move,Outkast & Sleepy Brown,Hip hop,2003,19,Kelly Clarkson,no,,,no,YLogYSdJsvg,https://www.youtube.com/watch?v=YLogYSdJsvg,KC Videos archive,Kellyoke | The Way You Move (Outkast),9100,100
2022-05-11,3,511,151,Peter Pan,Kelsea Ballerini,Country,2016,6,Kelly Clarkson,no,,,no,nnM_Dv4TzG4,https://www.youtube.com/watch?v=nnM_Dv4TzG4,KC Videos archive,Kellyoke | Peter Pan (Kelsea Ballerini),28000,114
2022-05-12,3,512,152,No Roots,Alice Merton,Pop,2016,6,Kelly Clarkson,no,,,no,-zbU8cuykHo,https://www.youtube.com/watch?v=-zbU8cuykHo,KC Videos archive,Kellyoke | No Roots (Alice Merton),9600,88
2022-05-13,3,513,153,Jealous,Labrinth,R&B / Soul,2014,8,Kelly Clarkson,no,,,no,eOE8-2AWbm0,https://www.youtube.com/watch?v=eOE8-2AWbm0,KC Videos archive,Kellyoke | Jealous (Labyrinth),77000,118
2022-05-16,3,514,154,Almost Paradise,Mike Reno & Ann Wilson,Rock,1984,38,Kelly Clarkson,no,,,no,b6XO8deyO6E,https://www.youtube.com/watch?v=b6XO8deyO6E,KC Videos archive,Kellyoke | Almost Paradise (Mike Reno & Ann Wilson),90000,134
2022-05-17,3,515,155,Heartbreak Anthem,Galantis,Pop,2021,1,Kelly Clarkson,no,,,no,FbnHLqqRWEk,https://www.youtube.com/watch?v=FbnHLqqRWEk,KC Videos archive,"Kellyoke | Heartbreak Anthem (David Guetta, Galantis & Little Mix)",38000,100
2022-05-18,3,516,156,In My Mind,John Legend,R&B / Soul,,,Kelly Clarkson,no,,,no,AbYhR-INlNY,https://www.youtube.com/watch?v=AbYhR-INlNY,KC Videos archive,Kellyoke | In My Mind (John Legend),6900,87
2022-05-19,3,517,157,Here Comes the Rain Again,Eurythmics,Rock,1984,38,Kelly Clarkson,no,,,yes,pxQ2gRGUbWk,https://www.youtube.com/watch?v=pxQ2gRGUbWk,KC Videos archive,Kellyoke | Here Comes the Rain Again (Eurythmics),36000,102
2022-05-20,3,518,158,River,Joni Mitchell,Folk,,,Kelly Clarkson,no,,,no,qKPdulPtUjU,https://www.youtube.com/watch?v=qKPdulPtUjU,KC Videos archive,Kellyoke | River (Joni Mitchell),16000,114
2022-05-23,3,519,159,Real Love,Mary J. Blige,R&B / Soul,1992,30,Kelly Clarkson,no,,,yes,_boVKvORBb0,https://www.youtube.com/watch?v=_boVKvORBb0,KC Videos archive,Kellyoke | Real Love (Mary J Blige),21000,92
2022-05-24,3,520,160,Cry to Me,Solomon Burke,R&B / Soul,1962,60,Kelly Clarkson,no,,,no,RHgtXzP6UJU,https://www.youtube.com/watch?v=RHgtXzP6UJU,KC Videos archive,Kellyoke | Cry To Me (Solomon Burke),146000,105
2022-05-25,3,521,161,Raining on Sunday,Keith Urban,Country,2003,19,Kelly Clarkson,no,,,no,RquoSWFas-M,https://www.youtube.com/watch?v=RquoSWFas-M,KC Videos archive,Kellyoke | Raining on Sunday (Keith Urban),11000,111
2022-05-31,3,522,162,Uninvited,Alanis Morissette,Rock,1998,24,Kelly Clarkson,no,,,no,SsA3yeiHKAo,https://www.youtube.com/watch?v=SsA3yeiHKAo,Xavier Del Cid archive,Kelly Clarkson Covers 'Uninvited' By Alanis Morissette  l Kellyoke,38,109
2022-06-01,3,523,163,Smoky Mountain Rain,Ronnie Milsap,Country,1980,42,Kelly Clarkson,no,,,no,a84BS3B3GVQ,https://www.youtube.com/watch?v=a84BS3B3GVQ,KC Videos archive,Kellyoke | Smoky Mountain Rain (Ronnie Milsap),27000,100
2022-06-02,3,524,164,Georgia on My Mind,Ray Charles,Pop,1930,92,Kelly Clarkson,no,,,no,RYP1apJYNpQ,https://www.youtube.com/watch?v=RYP1apJYNpQ,KC Videos archive,Kellyoke | Georgia On My Mind (Ray Charles),32000,113
2022-06-06,3,525,165,Gaslighter,The Chicks,Country,2020,2,Kelly Clarkson,no,,,yes,lfBtFVGZZto,https://www.youtube.com/watch?v=lfBtFVGZZto,KC Videos archive,Kellyoke | Gaslighter (The Chicks),40000,101
2022-06-07,3,526,166,Careless Whisper,George Michael,Pop,1984,38,Kelly Clarkson,no,,,no,An5d34Gh7hA,https://www.youtube.com/watch?v=An5d34Gh7hA,KC Videos archive,Kellyoke | Careless Whisper (George Michael),73000,107
2022-06-08,3,527,167,Save Your Tears,The Weeknd & Ariana Grande,Rock,2020,2,Kelly Clarkson,no,,,no,KQqBLJn7mZs,https://www.youtube.com/watch?v=KQqBLJn7mZs,KC Videos archive,Kellyoke | Save Your Tears (The Weeknd & Ariana Grande),113000,91
2022-06-09,3,528,168,Happier Than Ever,Billie Eilish,Punk,2021,1,Kelly Clarkson,no,,,yes,zxi3TPtKOLU,https://www.youtube.com/watch?v=zxi3TPtKOLU,KC Videos archive,Kellyoke | Happier Than Ever (Billie Eilish),706000,117
2022-06-13,3,529,169,Stop Draggin' My Heart Around,Stevie Nicks & Tom Petty,Rock,1981,41,Kelly Clarkson,no,,,no,Z_jRxE5Oa_k,https://www.youtube.com/watch?v=Z_jRxE5Oa_k,KC Videos archive,Kellyoke | Stop Draggin' My Heart Around (Stevie Nicks & Tom Petty),12000,95
2022-06-14,3,530,170,I'm Still Standing,Elton John,Pop,1983,39,Kelly Clarkson,no,,,no,rS0m4a_DQj4,https://www.youtube.com/watch?v=rS0m4a_DQj4,Xavier Del Cid archive,Kelly Clarkson Covers 'I'm Still Standing' By Elton John l Kellyoke,234,119
2022-06-15,3,531,171,Womanizer,Britney Spears,Pop,2008,14,Kelly Clarkson,no,,,no,wG7bXwDohqY,https://www.youtube.com/watch?v=wG7bXwDohqY,KC Videos archive,Kellyoke | Womanizer (Britney Spears),54000,96
2022-06-16,3,532,172,Call Out My Name,The Weeknd,R&B / Soul,2018,4,Kelly Clarkson,no,,,yes,kBwtAiN1ego,https://www.youtube.com/watch?v=kBwtAiN1ego,The Kelly Clarkson Show (official),Kelly Clarkson Covers 'Call Out My Name' By The Weeknd | Kellyoke,801000,116
2022-06-17,3,533,173,Under the Bridge,Red Hot Chili Peppers,Rock,1992,30,Kelly Clarkson,no,,,no,LzKOH137aXw,https://www.youtube.com/watch?v=LzKOH137aXw,KC Videos archive,Kellyoke | Under the Bridge (Red Hot Chili Peppers),49000,95
2022-06-20,3,534,174,Crash Into Me,Dave Matthews,Rock,1996,26,Kelly Clarkson,no,,,yes,2n6URipEdRI,https://www.youtube.com/watch?v=2n6URipEdRI,KC Videos archive,Kellyoke | Crash Into Me (Dave Matthews Band),35000,107
2022-06-21,3,535,175,RSVP,Maren Morris,Country,,,Kelly Clarkson,no,,,no,13JAfztGCzs,https://www.youtube.com/watch?v=13JAfztGCzs,KC Videos archive,Kellyoke | RSVP (Maren Morris),10000,98
2022-06-22,3,536,176,Anyone,Demi Lovato,Pop,2020,2,Kelly Clarkson,no,,,no,K5izA16J5Oc,https://www.youtube.com/watch?v=K5izA16J5Oc,KC Videos archive,Kellyoke | Anyone (Demi Lovato),188000,116
2022-06-23,3,537,177,Whole Lotta Woman,Kelly Clarkson,R&B / Soul,,,Kelly Clarkson,no,,,no,k0qU4g-LN7A,https://www.youtube.com/watch?v=k0qU4g-LN7A,KC Videos archive,Kellyoke (Classic) | Whole Lotta Woman,24000,110
2022-06-27,3,538,178,Escapade,Janet Jackson,Pop,1990,32,Kelly Clarkson,no,,,yes,LSA-rihuvdw,https://www.youtube.com/watch?v=LSA-rihuvdw,KC Videos archive,Kellyoke | Escapade (Janet Jackson),95000,102
2022-06-28,3,539,179,Ironic,Alanis Morissette,Rock,1996,26,Kelly Clarkson,no,,,no,05AV4Zooy4k,https://www.youtube.com/watch?v=05AV4Zooy4k,KC Videos archive,Kellyoke | Ironic (Alanis Morissette),180000,104
2022-06-29,3,540,180,Leave the Door Open,Silk Sonic,R&B / Soul,2021,1,Kelly Clarkson,no,,,yes,cc3Qj6PB8mk,https://www.youtube.com/watch?v=cc3Qj6PB8mk,KC Videos archive,Kellyoke | Leave the Door Open (Silk Sonic),346000,114
2022-09-12,4,541,1,On the Road Again,Willie Nelson,Country,,,Kelly Clarkson,no,,,no,_mN3df_e7Ds,https://www.youtube.com/watch?v=_mN3df_e7Ds,KC Videos archive,"Kellyoke | Medley of On the Road Again, Music, Are You Gonna Go My Way, and Welcome to NY",18000,203
2022-09-12,4,541,1,Music,Madonna,Pop,,,Kelly Clarkson,no,,,no,_mN3df_e7Ds,https://www.youtube.com/watch?v=_mN3df_e7Ds,KC Videos archive,"Kellyoke | Medley of On the Road Again, Music, Are You Gonna Go My Way, and Welcome to NY",18000,203
2022-09-12,4,541,1,Freeway of Love,Aretha Franklin,R&B / Soul,,,Kelly Clarkson,no,,,no,_mN3df_e7Ds,https://www.youtube.com/watch?v=_mN3df_e7Ds,KC Videos archive,"Kellyoke | Medley of On the Road Again, Music, Are You Gonna Go My Way, and Welcome to NY",18000,203
2022-09-12,4,541,1,Welcome to New York,Taylor Swift,Pop,,,Kelly Clarkson,no,,,no,_mN3df_e7Ds,https://www.youtube.com/watch?v=_mN3df_e7Ds,KC Videos archive,"Kellyoke | Medley of On the Road Again, Music, Are You Gonna Go My Way, and Welcome to NY",18000,203
2022-09-13,4,542,2,Losing My Mind,,Jazz / Blues,1971,51,Kelly Clarkson,no,,,no,JoGtFX8qnYM,https://www.youtube.com/watch?v=JoGtFX8qnYM,KC Videos archive,Kellyoke | Losing My Mind (Stephen Sondheim),23000,112
2022-09-14,4,543,3,Just Fine,Mary J. Blige,R&B / Soul,2007,15,Kelly Clarkson,no,,,no,QxrtQG0yyvc,https://www.youtube.com/watch?v=QxrtQG0yyvc,KC Videos archive,Kellyoke | Just Fine (Mary J Blige),28000,116
2022-09-15,4,544,4,Más o menos antes,Silvana Estrada,Pop,2022,0,Kelly Clarkson,no,,,no,soqKMBGOb2Y,https://www.youtube.com/watch?v=soqKMBGOb2Y,KC Videos archive,Kellyoke | Mas o Menos Antes (Silvana Estrada),24000,133
2022-09-16,4,545,5,Dog Days Are Over,Florence + the Machine,Pop,2008,14,Kelly Clarkson,no,,,no,3BNjjwwgNhI,https://www.youtube.com/watch?v=3BNjjwwgNhI,KC Videos archive,Kellyoke | Dog Days Are Over (Florence + the Machine),106000,100
2022-09-19,4,546,6,Make It Rain,Ed Sheeran,Pop,,,Kelly Clarkson,no,,,no,PMSTSYky3EQ,https://www.youtube.com/watch?v=PMSTSYky3EQ,KC Videos archive,Kellyoke | Make It Rain (Foy Vance),18000,116
2022-09-20,4,547,7,I Don't Feel Like Dancin',Scissor Sisters,Rock,,,Kelly Clarkson,no,,,no,y8jv-lEZSGY,https://www.youtube.com/watch?v=y8jv-lEZSGY,KC Videos archive,Kellyoke | I Don't Feel Like Dancin' (Scissor Sisters),21000,95
2022-09-21,4,548,8,Simply Irresistible,Robert Palmer,Rock,1988,34,Kelly Clarkson,no,,,no,Ugt_mF3tf_k,https://www.youtube.com/watch?v=Ugt_mF3tf_k,KC Videos archive,Kellyoke | Simply Irresistible (Robert Palmer),12000,104
2022-09-22,4,549,9,Ring My Bell,Anita Ward,Electronic,1979,43,Kelly Clarkson,no,,,no,iuxV7gjXdpI,https://www.youtube.com/watch?v=iuxV7gjXdpI,KC Videos archive,Kellyoke | Ring My Bell (Anita Ward),45000,99
2022-09-23,4,550,10,When You Wish Upon a Star,,Pop,1940,82,Kelly Clarkson,no,,,no,iGv-x-e0lBo,https://www.youtube.com/watch?v=iGv-x-e0lBo,KC Videos archive,Kellyoke | When You Wish Upon a Star (with Cynthia Erivo),18000,133
2022-09-26,4,551,11,Breathe,Faith Hill,Country,1999,23,Kelly Clarkson,no,,,no,AvzGRW1dd0M,https://www.youtube.com/watch?v=AvzGRW1dd0M,KC Videos archive,Kellyoke | Breathe (Faith hill),74000,120
2022-09-27,4,552,12,Survivor,Destiny's Child,R&B / Soul,2001,21,Kelly Clarkson,no,,,no,gRZtUNLzeQ4,https://www.youtube.com/watch?v=gRZtUNLzeQ4,KC Videos archive,Kellyoke | Survivor (Destiny's Child),360000,105
2022-09-28,4,553,13,"Bye, Bye",Jo Dee Messina,Country,1998,24,Kelly Clarkson,no,,,no,8Bsqxf4bzes,https://www.youtube.com/watch?v=8Bsqxf4bzes,KC Videos archive,Kellyoke | Bye Bye (Jo Dee Messina),32000,99
2022-09-29,4,554,14,Summer of Love,Shawn Mendes & Tainy,Pop,2021,1,Kelly Clarkson,no,,,no,dB-7rj7A69c,https://www.youtube.com/watch?v=dB-7rj7A69c,KC Videos archive,Kellyoke | Summer of Love (Shawn Mendes and Tainy),9800,107
2022-09-30,4,555,15,Jeremiah,Sierra Ferrell,Country,,,Kelly Clarkson,no,,,no,tmo1kZSm3mg,https://www.youtube.com/watch?v=tmo1kZSm3mg,KC Videos archive,Kellyoke | Jeremiah (Sierra Ferrell),12000,108
2022-10-03,4,556,16,Astronaut in the Ocean,Masked Wolf,Hip hop,2019,3,Kelly Clarkson,no,,,no,wKi-QHmvDjw,https://www.youtube.com/watch?v=wKi-QHmvDjw,KC Videos archive,Kellyoke | Astronaut in the Ocean (Masked Wolf),23000,97
2022-10-04,4,557,17,Waiting for Tonight,Jennifer Lopez,Pop,1999,23,Kelly Clarkson,no,,,no,UUVPuc7pIGE,https://www.youtube.com/watch?v=UUVPuc7pIGE,KC Videos archive,Kellyoke | Waiting for Tonight (Jennifer Lopez),59000,118
2022-10-05,4,558,18,I Got You (I Feel Good),James Brown,R&B / Soul,1965,57,Kelly Clarkson,no,,,no,8bGFGHTEaY0,https://www.youtube.com/watch?v=8bGFGHTEaY0,KC Videos archive,Kellyoke | I Got You (I Feel Good) (James Brown),28000,107
2022-10-06,4,559,19,If You Don't Know Me by Now,Simply Red,R&B / Soul,1972,50,Kelly Clarkson,no,,,no,_xU8Z1MJkkk,https://www.youtube.com/watch?v=_xU8Z1MJkkk,KC Videos archive,Kellyoke | If You Don't Know Me by Now (Simply Red),134000,107
2022-10-07,4,560,20,That's What I Like About You,Trisha Yearwood,Country,1991,31,Kelly Clarkson,no,,,no,zyZc6HSEHew,https://www.youtube.com/watch?v=zyZc6HSEHew,KC Videos archive,Kellyoke | That's What I Like About You (Trisha Yearwood),8100,99
2022-10-10,4,561,21,Ain't It Fun,Paramore,Rock,2014,8,Kelly Clarkson,no,,,no,BgkIEKctzgc,https://www.youtube.com/watch?v=BgkIEKctzgc,KC Videos archive,Kellyoke | Ain't It Fun (Paramore),83000,101
2022-10-11,4,562,22,Breakaway,Kelly Clarkson,World,2004,18,Kelly Clarkson,no,Sam Smith,,no,0yZUMRyeF-U,https://www.youtube.com/watch?v=0yZUMRyeF-U,KC Videos archive,Kellyoke (Classic) | Breakaway (with Sam Smith),698000,139
2022-10-12,4,563,23,traitor,Olivia Rodrigo,Folk,2021,1,Kelly Clarkson,no,,,no,vdvIeW4xGxs,https://www.youtube.com/watch?v=vdvIeW4xGxs,KC Videos archive,Kellyoke | Traitor (Olivia Rodrigo),240000,102
2022-10-13,4,564,24,Queen of the Night,Whitney Houston,Rock,1993,29,Kelly Clarkson,no,,,no,hS-7zc68aG4,https://www.youtube.com/watch?v=hS-7zc68aG4,KC Videos archive,Kellyoke | Queen of the Night (Whitney Houston),65000,122
2022-10-14,4,565,25,Let Me Down Slowly,Alec Benjamin feat. Alessia Cara,Pop,2018,4,Kelly Clarkson,no,,,no,GW_Ar-T7K1A,https://www.youtube.com/watch?v=GW_Ar-T7K1A,KC Videos archive,Kellyoke | Let Me Down Slowly (Alec Benjamin ft Alessia Cara),61000,110
2022-10-17,4,566,26,Don't Come Home A-Drinkin' (With Lovin' on Your Mind),Loretta Lynn,Country,1966,56,Kelly Clarkson,no,Dwayne Johnson,,no,Hq3ThiRrnMA,https://www.youtube.com/watch?v=Hq3ThiRrnMA,KC Videos archive,Kellyoke | Don't Come Home A Drinkin' (Loretta Lynn),9800,124
2022-10-18,4,567,27,What a Fool Believes,The Doobie Brothers,Rock,1978,44,Kelly Clarkson,no,,,no,bIeXKBYZ8Jk,https://www.youtube.com/watch?v=bIeXKBYZ8Jk,KC Videos archive,Kellyoke | What A Fool Believes (The Doobie Brothers),22000,104
2022-10-19,4,568,28,Don't Come Lookin',Jackson Dean,Country,2022,0,Kelly Clarkson,no,,,no,fbOx1xe3PJ0,https://www.youtube.com/watch?v=fbOx1xe3PJ0,KC Videos archive,Kellyoke | Don't Come Lookin' (Jackson Dean),8900,101
2022-10-20,4,569,29,Jumper,Third Eye Blind,Rock,1998,24,Kelly Clarkson,no,,,no,MFH6srlBshQ,https://www.youtube.com/watch?v=MFH6srlBshQ,KC Videos archive,Kellyoke | Jumper (Third Eye Blind),21000,107
2022-10-21,4,570,30,Angel of Mine,Monica,R&B / Soul,1997,25,Kelly Clarkson,no,,,no,EyPBTlQ_BVo,https://www.youtube.com/watch?v=EyPBTlQ_BVo,KC Videos archive,Kellyoke | Angel of Mine (Monica),46000,117
2022-10-24,4,571,31,"Baby, I Love Your Way",Peter Frampton,Rock,1975,47,Kelly Clarkson,no,,,no,COlfqwJT3hI,https://www.youtube.com/watch?v=COlfqwJT3hI,KC Videos archive,Kellyoke | Baby I Love Your Way (Peter Frampton),16000,103
2022-10-25,4,572,32,How Do I Live,LeAnn Rimes,Pop,1997,25,Kelly Clarkson,no,,,no,61130Y9jlas,https://www.youtube.com/watch?v=61130Y9jlas,KC Videos archive,Kellyoke | How Do I Live (Trisha Yearwood),40000,124
2022-10-26,4,573,33,My Boo,Ghost Town DJ's,R&B / Soul,1996,26,Kelly Clarkson,no,,,no,NChGCJB9GGU,https://www.youtube.com/watch?v=NChGCJB9GGU,KC Videos archive,Kellyoke | My Boo (Ghost Town DJs),74000,108
2022-10-27,4,574,34,The Middle,Jimmy Eat World,Pop,2018,4,Kelly Clarkson,no,,,no,FzQf2ga4InM,https://www.youtube.com/watch?v=FzQf2ga4InM,KC Videos archive,Kellyoke | The Middle (Jimmy Eat World),26000,100
2022-10-28,4,575,35,Black Hole Sun,Soundgarden,Rock,1994,28,Kelly Clarkson,no,,,no,P2tpSqOSih8,https://www.youtube.com/watch?v=P2tpSqOSih8,KC Videos archive,Kellyoke | Black Hole Sun (Soundgarden),22000,103
2022-10-31,4,576,36,Monster Mash,Bobby Pickett,Pop,1962,60,Kelly Clarkson,no,,,no,FFEb3rPQOcY,https://www.youtube.com/watch?v=FFEb3rPQOcY,KC Videos archive,Kellyoke | Monster Mash (Bobby Pickett),34000,116
2022-11-01,4,577,37,Put Your Records On,Corinne Bailey Rae,R&B / Soul,2006,16,Kelly Clarkson,no,,,no,WRvjnIoNby8,https://www.youtube.com/watch?v=WRvjnIoNby8,KC Videos archive,Kellyoke | Put Your Records On (Corinne Bailey Rae),28000,108
2022-11-02,4,578,38,Someone Else Is Steppin' In,Z.Z. Hill,Jazz / Blues,,,Kelly Clarkson,no,,,no,65HbBDiBkVs,https://www.youtube.com/watch?v=65HbBDiBkVs,KC Videos archive,Kellyoke | Someone Else Is Steppin' In (Z.Z. Hill),6200,112
2022-11-03,4,579,39,Alibis,Tracy Lawrence,Country,1993,29,Kelly Clarkson,no,,,no,q2rA-yotQJQ,https://www.youtube.com/watch?v=q2rA-yotQJQ,KC Videos archive,Kellyoke | Alibis (Tracy Lawrence),9500,112
2022-11-04,4,580,40,I'm So Into You,SWV,R&B / Soul,1993,29,Kelly Clarkson,no,,,no,bodmrVB0gig,https://www.youtube.com/watch?v=bodmrVB0gig,KC Videos archive,Kellyoke | I'm So Into You (SWV),16000,106
2022-11-07,4,581,41,Umbrella,Rihanna,Pop,2007,15,Kelly Clarkson,no,,,no,ts93jJqqCuM,https://www.youtube.com/watch?v=ts93jJqqCuM,KC Videos archive,Kellyoke | Umbrella (Rhianna),164000,107
2022-11-08,4,582,42,'Til You Can't,Cody Johnson,Country,2021,1,Kelly Clarkson,no,,,no,viX7hogIU_Q,https://www.youtube.com/watch?v=viX7hogIU_Q,KC Videos archive,Kellyoke | Til You Can't (Cody Johnson),24000,102
2022-11-09,4,583,43,California Dreamin',The Mamas & the Papas,Pop,1965,57,Kelly Clarkson,no,,,no,mvmMyi19D58,https://www.youtube.com/watch?v=mvmMyi19D58,KC Videos archive,Kellyoke | California Dreamin' (The Mamas and the Papas),103000,118
2022-11-10,4,584,44,Lady Marmalade,Labelle,Electronic,1974,48,Kelly Clarkson,no,,"Christina Aguilera, Lil' Kim, Mya, P!nk version",no,6jsTmrfNtSU,https://www.youtube.com/watch?v=6jsTmrfNtSU,KC Videos archive,Kellyoke | Lady Marmalade (Labelle),15000,109
2022-11-11,4,585,45,Heavy in Your Arms,Florence + The Machine,Rock,2010,12,Kelly Clarkson,no,,,no,bOmXUAOcGNI,https://www.youtube.com/watch?v=bOmXUAOcGNI,KC Videos archive,Kellyoke | Heavy In Your Arms (Florence + the Machine),76000,115
2022-11-14,4,586,46,Dream a Little Dream of Me,,Jazz / Blues,1968,54,Kelly Clarkson,no,,,no,X7qd0qXfmxo,https://www.youtube.com/watch?v=X7qd0qXfmxo,KC Videos archive,Kellyoke | Dream a Little Dream (Cass Elliot),9000,127
2022-11-15,4,587,47,We Found Love,Rihanna & Calvin Harris,Electronic,2011,11,Kelly Clarkson,no,,,no,pw-fyb8vXB0,https://www.youtube.com/watch?v=pw-fyb8vXB0,KC Videos archive,Kellyoke | We Found Love | Rihanna,79000,100
2022-11-16,4,588,48,Rumour Has It,Adele,Rock,2011,11,Kelly Clarkson,no,,,no,GaOS-4mZLUI,https://www.youtube.com/watch?v=GaOS-4mZLUI,KC Videos archive,Kellyoke | Rumour Has It (Adele),59000,97
2022-11-17,4,589,49,Only Happy When It Rains,Garbage,Rock,1995,27,Kelly Clarkson,no,,,no,X1LVUZOAu5o,https://www.youtube.com/watch?v=X1LVUZOAu5o,KC Videos archive,Kellyoke | Only Happy When It Rains (Garbage),28000,107
2022-11-21,4,590,50,Seven Nation Army,The White Stripes,Rock,2003,19,Kelly Clarkson,no,,,yes,Pj6FDpA9gXM,https://www.youtube.com/watch?v=Pj6FDpA9gXM,KC Videos archive,Kellyoke | Seven Nation Army (White Stripes),16000,105
2022-11-22,4,591,51,Better Now,Post Malone,Hip hop,2018,4,Kelly Clarkson,no,,,yes,pmd2IFgtrrA,https://www.youtube.com/watch?v=pmd2IFgtrrA,KC Videos archive,Kellyoke | Better Now (Post Malone),8600,101
2022-11-28,4,592,52,Let's Hear It for the Boy,Deniece Williams,Pop,1984,38,Kelly Clarkson,no,,,no,IfIiBT0ihs0,https://www.youtube.com/watch?v=IfIiBT0ihs0,KC Videos archive,Kellyoke | Let's Hear It For the Boy (Deniece Williams),17000,106
2022-11-29,4,593,53,Stupid Love,Lady Gaga,Electronic,2020,2,Kelly Clarkson,no,,,no,cIG5AxxZRRY,https://www.youtube.com/watch?v=cIG5AxxZRRY,KC Videos archive,Kellyoke | Stupid Love (Lady Gaga),29000,101
2022-11-30,4,594,54,Juice,Lizzo,World,2019,3,Kelly Clarkson,no,,,yes,rmH8IMePMN4,https://www.youtube.com/watch?v=rmH8IMePMN4,KC Videos archive,Kellyoke | Juice (Lizzo),33000,98
2022-12-01,4,595,55,9 to 5,Dolly Parton,Country,1980,42,Kelly Clarkson,no,Dolly Parton,second era,no,-gU_WeJ2D_o,https://www.youtube.com/watch?v=-gU_WeJ2D_o,KC Videos archive,Kellyoke | 9 to 5 (Dolly Parton) [with Dolly],128000,135
2022-12-02,4,596,56,I Got You Babe,Sonny & Cher,Rock,1965,57,Kelly Clarkson,no,Jimmy Fallon,,yes,LUHzOpdI5-Q,https://www.youtube.com/watch?v=LUHzOpdI5-Q,KC Videos archive,Kellyoke | I Got You Babe [with Jimmy Fallon] (Sonny & Cher),158000,122
2022-12-05,4,597,57,It's Raining Men,The Weather Girls,Electronic,1982,40,Kelly Clarkson,no,,,no,Iustv7o8fX4,https://www.youtube.com/watch?v=Iustv7o8fX4,KC Videos archive,Kellyoke | It's Raining Men (Weather Girls),122000,109
2022-12-06,4,598,58,Finesse,Bruno Mars & Cardi B,R&B / Soul,2018,4,Kelly Clarkson,no,,,yes,_cvLL4CddVs,https://www.youtube.com/watch?v=_cvLL4CddVs,KC Videos archive,Kellyoke | Finesse (Bruno Mars),7000,104
2022-12-07,4,599,59,Found Out About You,Gin Blossoms,Pop,1993,29,Kelly Clarkson,no,,,no,00y6Br6bWi4,https://www.youtube.com/watch?v=00y6Br6bWi4,KC Videos archive,Kellyoke | Found Out About You (Gin Blossoms),22000,104
2022-12-08,4,600,60,Hopelessly Devoted to You,Olivia Newton-John,Country,1978,44,Kelly Clarkson,no,,,yes,st7fGxEKrjc,https://www.youtube.com/watch?v=st7fGxEKrjc,The Kelly Clarkson Show (official),Kelly Clarkson Covers 'Hopelessly Devoted To You' By Olivia Newton-John | Kellyoke,764000,126
2022-12-09,4,601,61,You Don't Know Me,Jann Arden,Pop,,,Kelly Clarkson,no,,,no,csg9dlwW5bk,https://www.youtube.com/watch?v=csg9dlwW5bk,KC Videos archive,Kellyoke | You Don't Know Me (Jann Arden),32000,116
2022-12-12,4,602,62,Have Yourself a Merry Little Christmas,,Christmas,1995,27,Jewel,yes,,,no,MSMYb4h3h3M,https://www.youtube.com/watch?v=MSMYb4h3h3M,KC Videos archive,(guest) Kellyoke | Have Yourself A Merry Little Christmas [performed by Jewel],4000,100
2022-12-13,4,603,63,Merry Christmas (To the One I Used to Know),Kelly Clarkson,Pop,,,Kelly Clarkson,no,,,no,JRjt9c_Vrcc,https://www.youtube.com/watch?v=JRjt9c_Vrcc,KC Videos archive,Kellyoke | Merry Christmas To the One I Used To Know,12000,154
2022-12-14,4,604,64,Christmas Isn't Canceled (Just You),Kelly Clarkson,Pop,2021,1,Kelly Clarkson,no,,,no,uEIPZfCNfXY,https://www.youtube.com/watch?v=uEIPZfCNfXY,KC Videos archive,Kellyoke | Christmas Isn't Canceled (Just You),5500,105
2022-12-15,4,605,65,"Santa, Can't You Hear Me",Kelly Clarkson & Ariana Grande,Pop,2022,0,Kelly Clarkson,no,,,no,gPE5iFkI5j4,https://www.youtube.com/watch?v=gPE5iFkI5j4,KC Videos archive,Kellyoke | Santa Can't You Hear Me,13000,124
2022-12-16,4,606,66,I'll Be Home for Christmas,Bing Crosby,Pop,1943,79,Kelly Clarkson,no,,,no,2prLMk3Hfz0,https://www.youtube.com/watch?v=2prLMk3Hfz0,KC Videos archive,Kellyoke | I'll Be Home For Christmas (Bing Crosby),3200,100
2022-12-19,4,607,67,Sisters,,Musical theatre,,,Kelly Clarkson,no,Jessi Collins,,no,2_FY-zCuEEk,https://www.youtube.com/watch?v=2_FY-zCuEEk,KC Videos archive,Kellyoke | Sisters (From White Christmas),482000,107
2022-12-20,4,608,68,Last Christmas,Wham!,Pop,1984,38,Kelly Clarkson,no,,,yes,9DP_WJ4yP90,https://www.youtube.com/watch?v=9DP_WJ4yP90,KC Videos archive,Kellyoke | Last Christmas (Wham),15000,180
2023-01-02,4,609,69,The Warrior,Scandal feat. Patty Smyth,Rock,1984,39,Kelly Clarkson,no,,,no,fvrFTKPl7m8,https://www.youtube.com/watch?v=fvrFTKPl7m8,KC Videos archive,Kellyoke | The Warrior (Scandal),5000,111
2023-01-03,4,610,70,The One That Got Away,Katy Perry,Pop,2011,12,Kelly Clarkson,no,,,no,90adu2JwyS0,https://www.youtube.com/watch?v=90adu2JwyS0,KC Videos archive,Kellyoke | The One That Got Away (Katy Perry),483000,128
2023-01-04,4,611,71,Honey Bee,Blake Shelton,Country,2011,12,Kelly Clarkson,no,,,no,2LhiFGWPAxI,https://www.youtube.com/watch?v=2LhiFGWPAxI,KC Videos archive,Kellyoke | Honey Bee (Blake Shelton),13000,105
2023-01-05,4,612,72,Lost In The Fifties Tonight,Ronnie Milsap,Country,1985,38,Kelly Clarkson,no,,,no,4oyyn7o7yqY,https://www.youtube.com/watch?v=4oyyn7o7yqY,KC Videos archive,Kellyoke | Lost In the Fifties Tonight (Ronnie Milsap),11000,111
2023-01-06,4,613,73,Ordinary World,Duran Duran,Rock,1992,31,Kelly Clarkson,no,,,no,sy4ulBT2g3s,https://www.youtube.com/watch?v=sy4ulBT2g3s,KC Videos archive,Kellyoke | Ordinary World (Duran Duran),24000,105
2023-01-09,4,614,74,Sucker,Jonas Brothers,Rock,2019,4,Kelly Clarkson,no,,,yes,r8LqF7zZsKc,https://www.youtube.com/watch?v=r8LqF7zZsKc,KC Videos archive,Kellyoke | Sucker (Jonas Brothers),20000,95
2023-01-10,4,615,75,Good as Hell,Lizzo,R&B / Soul,2016,7,Kelly Clarkson,no,,,yes,QOb6oCTHZw0,https://www.youtube.com/watch?v=QOb6oCTHZw0,KC Videos archive,Kellyoke | Good As Hell (Lizzo),115000,105
2023-01-11,4,616,76,All the Small Things,Blink-182,Punk,1999,24,Kelly Clarkson,no,,,no,QdCLjmMWILw,https://www.youtube.com/watch?v=QdCLjmMWILw,KC Videos archive,Kellyoke | All the Small Things (Blink 182),92000,94
2023-01-12,4,617,77,Didn't I,Kelly Clarkson,Pop,2017,6,Kelly Clarkson,no,,,no,d0OA9YnmJcw,https://www.youtube.com/watch?v=d0OA9YnmJcw,KC Videos archive,Kellyoke (Classic) | Didn't I,8500,107
2023-01-13,4,618,78,I'll Take You There,The Staple Singers,R&B / Soul,1972,51,Kelly Clarkson,no,,,no,41PpbDmY42Y,https://www.youtube.com/watch?v=41PpbDmY42Y,KC Videos archive,Kellyoke | I'll Take You There (The Staples Sisters),16000,113
2023-01-16,4,619,79,Unforgettable,Nat King Cole,R&B / Soul,1951,72,Kelly Clarkson,no,,,no,FT-SEvfwKyk,https://www.youtube.com/watch?v=FT-SEvfwKyk,KC Videos archive,Kellyoke | Unforgettable (Nat King Cole),11000,103
2023-01-17,4,620,80,Come Out and Play (Keep 'Em Separated),The Offspring,Punk,1994,29,Kelly Clarkson,no,,,no,l21o3Qp2bGg,https://www.youtube.com/watch?v=l21o3Qp2bGg,KC Videos archive,Kellyoke | Come Out and Play (Keep 'Em Separated) [The Offspring],16000,104
2023-01-18,4,621,81,Glimpse of Us,Joji,Pop,2022,1,Kelly Clarkson,no,,,no,x6NDHzQ403U,https://www.youtube.com/watch?v=x6NDHzQ403U,KC Videos archive,Kellyoke | Glimpse of Us (Joji),82000,116
2023-01-19,4,622,82,Lady in Red,Chris de Burgh,Rock,1986,37,Kelly Clarkson,no,,,no,CNXlLcLKsio,https://www.youtube.com/watch?v=CNXlLcLKsio,KC Videos archive,Kellyoke | Lady In Red (Chris de Burgh),41000,114
2023-01-20,4,623,83,You Should Probably Leave,Chris Stapleton,Country,2021,2,Kelly Clarkson,no,,,no,-XXmC-bfUmg,https://www.youtube.com/watch?v=-XXmC-bfUmg,KC Videos archive,Kellyoke | You Should Probably Leave (Chris Stapleton),38000,101
2023-01-23,4,624,84,Better Man (Taylor's Version),Taylor Swift,Pop,,,Kelly Clarkson,no,,,no,GBzw4E5_Z7c,https://www.youtube.com/watch?v=GBzw4E5_Z7c,KC Videos archive,Kellyoke | Better Man (Taylor's Version),276000,119
2023-01-24,4,625,85,She Drives Me Crazy,Fine Young Cannibals,Rock,1988,35,Kelly Clarkson,no,,,no,DaxSyVG5UQM,https://www.youtube.com/watch?v=DaxSyVG5UQM,KC Videos archive,Kellyoke | She Drives Me Crazy Fine (Young Cannibals),12000,94
2023-01-25,4,626,86,Umbrella,Rihanna,Pop,2007,16,Kelly Clarkson,no,,,yes,ts93jJqqCuM,https://www.youtube.com/watch?v=ts93jJqqCuM,KC Videos archive,Kellyoke | Umbrella (Rhianna),164000,107
2023-01-26,4,627,87,Everything She Ain't,Hailey Whitters,Country,,,Kelly Clarkson,no,,,no,oQvmAGHdy-M,https://www.youtube.com/watch?v=oQvmAGHdy-M,KC Videos archive,Kellyoke | Everything She Ain't (Hailey Whitters),13000,86
2023-01-27,4,628,88,Finally,CeCe Peniston,Electronic,1991,32,Kelly Clarkson,no,,,no,VWxlLq311os,https://www.youtube.com/watch?v=VWxlLq311os,KC Videos archive,Kellyoke | Finally (CeCe Peniston),11000,94
2023-01-30,4,629,89,Do I Wanna Know?,Arctic Monkeys,Rock,2013,10,Kelly Clarkson,no,,,no,BKWvmmcqw3A,https://www.youtube.com/watch?v=BKWvmmcqw3A,KC Videos archive,Kellyoke | Do I Wanna Know? (Artic Monkeys),59000,106
2023-01-31,4,630,90,Take Yo' Praise,Camille Yarbrough,,,,Kelly Clarkson,no,,,no,ooCAm3FmFkY,https://www.youtube.com/watch?v=ooCAm3FmFkY,KC Videos archive,Kellyoke | Take Yo' Praise (Camille Yarbrough),6900,99
2023-02-01,4,631,91,Survivor,Destiny's Child,R&B / Soul,2001,22,Kelly Clarkson,no,,,yes,gRZtUNLzeQ4,https://www.youtube.com/watch?v=gRZtUNLzeQ4,KC Videos archive,Kellyoke | Survivor (Destiny's Child),360000,105
2023-02-02,4,632,92,Return of the Mack,Mark Morrison,R&B / Soul,1996,27,Kelly Clarkson,no,,,no,4nM_kCwcMkw,https://www.youtube.com/watch?v=4nM_kCwcMkw,KC Videos archive,Kellyoke | Return of the Mack (Mark Morrison),24000,109
2023-02-03,4,633,93,Dandelions,Ruth B,R&B / Soul,2017,6,Kelly Clarkson,no,,,no,rm2mlpUbAJI,https://www.youtube.com/watch?v=rm2mlpUbAJI,KC Videos archive,Kellyoke | Dandelions (Ruth B.),40000,111
2023-02-06,4,634,94,Breathe Again,Joy Oladokun,Pop,2020,3,Kelly Clarkson,no,,,no,Vo3WWahdGlM,https://www.youtube.com/watch?v=Vo3WWahdGlM,KC Videos archive,Kellyoke | breathe again (Joy Oladokun),13000,104
2023-02-07,4,635,95,Set Fire to the Rain,Adele,Pop,2011,12,Kelly Clarkson,no,,,no,ZJksk-oA9E0,https://www.youtube.com/watch?v=ZJksk-oA9E0,KC Videos archive,Kellyoke | Set Fire To the Rain (Adele),319000,114
2023-02-08,4,636,96,Here I Go Again,Whitesnake,Rock,1982,41,Kelly Clarkson,no,,,no,qfLOq7WJCnE,https://www.youtube.com/watch?v=qfLOq7WJCnE,KC Videos archive,Kellyoke | Here I Go Again (Whitesnake),40000,116
2023-02-09,4,637,97,1999,Prince,R&B / Soul,1982,41,Kelly Clarkson,no,,,no,pbXbKWCo7eE,https://www.youtube.com/watch?v=pbXbKWCo7eE,KC Videos archive,Kellyoke | 1999 (Prince),8100,105
2023-02-10,4,638,98,Tennessee Whiskey,Chris Stapleton,Country,1981,42,Kelly Clarkson,no,,,no,vgHRAU-Zc9A,https://www.youtube.com/watch?v=vgHRAU-Zc9A,KC Videos archive,Kellyoke | Tennessee Whiskey (Chris Stapleton),1200000,105
2023-02-13,4,639,99,Where Is My Mind?,Pixies,Rock,1988,35,Kelly Clarkson,no,,,no,UawoMf2kE7I,https://www.youtube.com/watch?v=UawoMf2kE7I,KC Videos archive,Kellyoke | Where Is My Mind? (The Pixies),33000,107
2023-02-14,4,640,100,Dance Around It,Lucius featuring Brandi Carlile and Sheryl Crow,Pop,,,Kelly Clarkson,no,,,no,tqTG7Osgg9g,https://www.youtube.com/watch?v=tqTG7Osgg9g,KC Videos archive,Kellyoke | Dance Around It (Lucius),4800,101
2023-02-15,4,641,101,Family Tradition,Hank Williams Jr,Country,1979,44,Kelly Clarkson,no,,,no,HE6r5PvxakY,https://www.youtube.com/watch?v=HE6r5PvxakY,KC Videos archive,Kellyoke | Family Tradition (Hank Williams Jr),19000,114
2023-02-16,4,642,102,Falling Slowly,Glen Hansard & Markéta Irglová,Folk,2006,17,Kelly Clarkson,no,Corey Ward,,no,giAAMzryM0U,https://www.youtube.com/watch?v=giAAMzryM0U,KC Videos archive,Kellyoke | Falling Slowly (with Corey Ward),17000,116
2023-02-17,4,643,103,Strong Enough,Cher,Electronic,1999,24,Kelly Clarkson,no,,,no,f9ToxqMwOvM,https://www.youtube.com/watch?v=f9ToxqMwOvM,KC Videos archive,Kellyoke | Strong Enough (Cher),101000,103
2023-02-20,4,644,104,Fly Away,Lenny Kravitz,Rock,1998,25,Kelly Clarkson,no,,,no,x1cJvbRv7NE,https://www.youtube.com/watch?v=x1cJvbRv7NE,KC Videos archive,Kellyoke | Fly Away (Lenny Kravitz),12000,105
2023-02-21,4,645,105,Better Days,Dermot Kennedy,Pop,2021,2,Kelly Clarkson,no,,,no,gwTJXl0SGCw,https://www.youtube.com/watch?v=gwTJXl0SGCw,KC Videos archive,Kellyoke | Better Days (Dermot Kennedy),13000,104
2023-02-22,4,646,106,Fade into You,Mazzy Star,Rock,1993,30,Kelly Clarkson,no,,,no,dLAkeb7HPA0,https://www.youtube.com/watch?v=dLAkeb7HPA0,KC Videos archive,Kellyoke | Fade Into You (Mazzy Star),21000,122
2023-02-23,4,647,107,Peacefully,GEMS,,,,Kelly Clarkson,no,,,no,Oz7zisbb0fg,https://www.youtube.com/watch?v=Oz7zisbb0fg,KC Videos archive,Kellyoke | Peacefully (GEMS),4100,90
2023-02-24,4,648,108,Reunited,Peaches & Herb,R&B / Soul,1979,44,Kelly Clarkson,no,,,no,OZZ7FKHZxYE,https://www.youtube.com/watch?v=OZZ7FKHZxYE,KC Videos archive,Kellyoke | Reunited (Peaches & Herb),5000,104
2023-02-27,4,649,109,Stay Away,Muna,Pop,,,Kelly Clarkson,no,,,no,TmIvDGPRtA8,https://www.youtube.com/watch?v=TmIvDGPRtA8,KC Videos archive,Kellyoke | Stayaway (MUNA),41000,116
2023-02-28,4,650,110,1979,The Smashing Pumpkins,Rock,1996,27,Kelly Clarkson,no,,,no,g4fnSbT8w5k,https://www.youtube.com/watch?v=g4fnSbT8w5k,KC Videos archive,Kellyoke | 1979 (Smashing Pumpkins),7500,110
2023-03-01,4,651,111,Blue,Ingrid Andress,Country,1958,65,Kelly Clarkson,no,,,no,jL--LhHYGu4,https://www.youtube.com/watch?v=jL--LhHYGu4,KC Videos archive,Kellyoke | Blue (Ingrid Andress),10000,128
2023-03-02,4,652,112,In the Meantime,Spacehog,Rock,1996,27,Kelly Clarkson,no,,,no,sEBd1yP4JLg,https://www.youtube.com/watch?v=sEBd1yP4JLg,KC Videos archive,Kellyoke | In the Meantime (Spacehog),15000,109
2023-03-03,4,653,113,You Are a Tourist,Death Cab for Cutie,Rock,2011,12,Kelly Clarkson,no,,,no,zeoSzZz7L7A,https://www.youtube.com/watch?v=zeoSzZz7L7A,Xavier Del Cid archive,Kelly Clarkson Covers You Are a Tourist' By Death Cab for Cutie  l  Kellyoke,46,127
2023-03-13,4,654,114,She Wants to Move,N.E.R.D,,2004,19,Kelly Clarkson,no,,,no,3SmlaLyYaug,https://www.youtube.com/watch?v=3SmlaLyYaug,KC Videos archive,Kelloyke | She Wants to Move (N.E.R.D.),6100,107
2023-03-14,4,655,115,Rebel Yell,Billy Idol,Rock,1984,39,Kelly Clarkson,no,,,yes,_yBNUh2-t1E,https://www.youtube.com/watch?v=_yBNUh2-t1E,KC Videos archive,Kellyoke | Rebel Yell (Billy Idol),22000,105
2023-03-15,4,656,116,My Life,Billy Joel,Rock,1978,45,Kelly Clarkson,no,,,no,nUs5osJoDoA,https://www.youtube.com/watch?v=nUs5osJoDoA,KC Videos archive,Kellyoke | My Life (Billy Joel),23000,107
2023-03-16,4,657,117,Somethin' Stupid,Frank Sinatra & Nancy Sinatra,Pop,1967,56,Kelly Clarkson,no,Zachary Levi,,no,Syam06lrF6I,https://www.youtube.com/watch?v=Syam06lrF6I,KC Videos archive,Kellyoke | Something Stupid [with Zachary Levi] (Frank & Nancy Sinatra),365000,114
2023-03-17,4,658,118,Pick Up Your Feelings,Jazmine Sullivan,R&B / Soul,2020,3,Kelly Clarkson,no,,,no,0jqD3HYZkmk,https://www.youtube.com/watch?v=0jqD3HYZkmk,KC Videos archive,Kellyoke | Pick Up Your Feelings (Jazmine Sullivan),119000,112
2023-03-20,4,659,119,Free,Florence + the Machine,Pop,2022,1,Kelly Clarkson,no,,,no,29yP6hq9oOc,https://www.youtube.com/watch?v=29yP6hq9oOc,KC Videos archive,Kellyoke | Free (Florence + The Machine),19000,104
2023-03-21,4,660,120,Gotta Get Thru This,Daniel Bedingfield,Electronic,2001,22,Kelly Clarkson,no,,,no,rE5aQwHzbSc,https://www.youtube.com/watch?v=rE5aQwHzbSc,KC Videos archive,Kellyoke | Gotta Get Through This (Daniel Bedingfield),11000,110
2023-03-22,4,661,121,When I Think of You,Janet Jackson,Pop,1986,37,Kelly Clarkson,no,,,no,h4ervu8trEQ,https://www.youtube.com/watch?v=h4ervu8trEQ,KC Videos archive,Kellyoke | When I Think of You (Janet Jackson),11000,106
2023-03-23,4,662,122,Are You Gonna Go My Way,Lenny Kravitz,Rock,1993,30,Kelly Clarkson,no,,,no,4m3FgCAi8Vw,https://www.youtube.com/watch?v=4m3FgCAi8Vw,KC Videos archive,Kellyoke | Are You Gonna Go My Way (Lenny Kravitz),10000,94
2023-03-27,4,663,123,It Ain't Over 'til It's Over,Lenny Kravitz,R&B / Soul,1991,32,Kelly Clarkson,no,,,no,dZUaUajsbCg,https://www.youtube.com/watch?v=dZUaUajsbCg,KC Videos archive,Kellyoke | It Ain't Over 'til It's Over (Lenny Kravitz),20000,109
2023-03-28,4,664,124,(I Just) Died in Your Arms,Cutting Crew,Rock,1986,37,Kelly Clarkson,no,,,no,HMANM30P3vU,https://www.youtube.com/watch?v=HMANM30P3vU,KC Videos archive,Kellyoke | (I Just) Died In Your Arms  (Cutting Crew),37000,113
2023-03-29,4,665,125,Salt Water,Raveena Aurora,R&B / Soul,,,Kelly Clarkson,no,,,no,H5zG8AMZQ3w,https://www.youtube.com/watch?v=H5zG8AMZQ3w,KC Videos archive,Kellyoke | Salt Water (María Isabel),3800,109
2023-03-30,4,666,126,ABCDEFU,Gayle,Rock,2021,2,Kelly Clarkson,no,,,no,GvUaHgm2hs4,https://www.youtube.com/watch?v=GvUaHgm2hs4,KC Videos archive,Kellyoke | abcdefu (Gayle),197000,114
2023-03-31,4,667,127,That's All,Genesis,Pop,1983,40,Kelly Clarkson,no,,,no,W_xiDTQ02PU,https://www.youtube.com/watch?v=W_xiDTQ02PU,KC Videos archive,Kellyoke | That's All (Genesis),13000,95
2023-04-03,4,668,128,Young Hearts Run Free,Candi Staton,Electronic,1976,47,Kelly Clarkson,no,,,no,jLvEeY7QIgk,https://www.youtube.com/watch?v=jLvEeY7QIgk,KC Videos archive,Kellyoke | Young Hearts Run Free (Candi Staton),19000,110
2023-04-04,4,669,129,American Woman,The Guess Who,Rock,1970,53,Kelly Clarkson,no,,Lenny Kravitz version,no,P7as69n-Eho,https://www.youtube.com/watch?v=P7as69n-Eho,KC Videos archive,Kellyoke | American Woman (Lenny Kravitz),7000,116
2023-04-05,4,670,130,A Case of You,Joni Mitchell,Folk,1971,52,Kelly Clarkson,no,,,no,DvQh7gPeNY0,https://www.youtube.com/watch?v=DvQh7gPeNY0,KC Videos archive,Kellyoke | A Case of You (Joni Mitchell),6200,98
2023-04-06,4,671,131,Best of My Love,The Emotions,Electronic,1977,46,Kelly Clarkson,no,,,no,Rb-dynqgRN4,https://www.youtube.com/watch?v=Rb-dynqgRN4,KC Videos archive,Kellyoke | Best of My Love (The Emotions),9900,106
2023-04-10,4,672,132,Glory Days,Bruce Springsteen,Rock,1985,38,Kelly Clarkson,no,Charles Esten,,no,eE8csmd_XUM,https://www.youtube.com/watch?v=eE8csmd_XUM,KC Videos archive,Kellyoke | Glory Days [with Charles Esten] (Bruce Springsteen),7800,102
2023-04-11,4,673,133,Brown Eyed Girl,Van Morrison,Rock,1967,56,Kelly Clarkson,no,,,no,MhjQs8D55i4,https://www.youtube.com/watch?v=MhjQs8D55i4,KC Videos archive,Kellyoke | Brown Eyed Girl (Van Morrison),9300,101
2023-04-12,4,674,134,Clean,Taylor Swift,Pop,,,Kelly Clarkson,no,,,no,vWIBbWaPxAw,https://www.youtube.com/watch?v=vWIBbWaPxAw,KC Videos archive,Kellyoke | Clean (Taylor Swift),254000,100
2023-04-13,4,675,135,Don't You (Forget About Me),Simple Minds,Rock,1985,38,Kelly Clarkson,no,,,no,kW60qxadxbA,https://www.youtube.com/watch?v=kW60qxadxbA,KC Videos archive,Kellyoke | Don't You (Forget About Me) (Simple Minds),23000,113
2023-04-17,4,676,136,Can't Pretend,Tom Odell,R&B / Soul,2013,10,Kelly Clarkson,no,,,no,cLhkP9n-zpU,https://www.youtube.com/watch?v=cLhkP9n-zpU,KC Videos archive,Kellyoke | Can't Pretend (Tom Odell),19000,110
2023-04-18,4,677,137,Mine,Kelly Clarkson,Pop,2023,0,Kelly Clarkson,no,,,no,IyN7ydRBWSI,https://www.youtube.com/watch?v=IyN7ydRBWSI,KC Videos archive,Kellyoke | mine (Kelly Clarkson),42000,190
2023-04-19,4,678,138,Faithfully,Journey,Rock,1983,40,Kelly Clarkson,no,,,no,0wgJlqGwXYU,https://www.youtube.com/watch?v=0wgJlqGwXYU,KC Videos archive,Kellyoke |  Faithfully (Journey),80000,108
2023-04-20,4,679,139,La Bamba,,Rock,1958,65,Kelly Clarkson,no,,,no,PE1xaVp5-q4,https://www.youtube.com/watch?v=PE1xaVp5-q4,KC Videos archive,Kellyoke | La Bamba (Ritchie Valens),19000,112
2023-04-21,4,680,140,Magic,Coldplay,Pop,2023,0,Kelly Clarkson,no,,,no,4LhnPvqa4qs,https://www.youtube.com/watch?v=4LhnPvqa4qs,KC Videos archive,Kellyoke | Magic (Coldplay),16000,108
2023-04-24,4,681,141,I Know,Dionne Farris,,1995,28,Kelly Clarkson,no,,,no,eBfeHbbCx9s,https://www.youtube.com/watch?v=eBfeHbbCx9s,KC Videos archive,Kellyoke | I Know (Dionne Farris),2800,118
2023-04-25,4,682,142,Human,Rag'n'Bone Man,R&B / Soul,2016,7,Kelly Clarkson,no,,,no,yhlGviDRRM0,https://www.youtube.com/watch?v=yhlGviDRRM0,KC Videos archive,Kellyoke | Human (Rag'n'Bone Man),30000,111
2023-04-26,4,683,143,Alive,Empire of the Sun,Pop,2013,10,Kelly Clarkson,no,,,no,y7BTo43CFUo,https://www.youtube.com/watch?v=y7BTo43CFUo,KC Videos archive,Kellyoke | Alive (Empire of the Sun),3700,101
2023-04-27,4,684,144,The Only Exception,Paramore,Rock,2010,13,Kelly Clarkson,no,,,no,Nhhh-4wLaCY,https://www.youtube.com/watch?v=Nhhh-4wLaCY,KC Videos archive,Kellyoke | The Only Exception (Paramore),91000,119
2023-04-28,4,685,145,Slow,Rumer,Pop,2010,13,Kelly Clarkson,no,,,no,aTY1HFuArXc,https://www.youtube.com/watch?v=aTY1HFuArXc,KC Videos archive,Kellyoke | Slow (Rumer),2800,113
2023-05-01,4,686,146,Since U Been Gone,Kelly Clarkson,Rock,2004,19,Kelly Clarkson,no,Lorna Courtney of & Juliet,,no,TVYzC4r-NVg,https://www.youtube.com/watch?v=TVYzC4r-NVg,KC Videos archive,Kellyoke | Since U Been Gone [with Lorna Courtney] (Kelly Clarkson),26000,124
2023-05-02,4,687,147,New York Minute,Don Henley,Rock,1989,34,Kelly Clarkson,no,,,no,z4BURjzSn_4,https://www.youtube.com/watch?v=z4BURjzSn_4,KC Videos archive,Kellyoke | New York Minute (Don Henley),7300,108
2023-05-03,4,688,148,A Special Place,Danielle Bradbery,Country,,,Kelly Clarkson,no,,,no,smZM6TndXGc,https://www.youtube.com/watch?v=smZM6TndXGc,Xavier Del Cid archive,Kelly Clarkson Covers A Special Place By Danielle Bradbery l Kellyoke,57,127
2023-05-04,4,689,149,Wicked Game,Chris Isaak,Rock,1989,34,Kelly Clarkson,no,,,yes,NYMtMNd07Z4,https://www.youtube.com/watch?v=NYMtMNd07Z4,KC Videos archive,Kellyoke | Wicked Game (Chris Isaak),33000,109
2023-05-05,4,690,150,A-O-K,Tai Verdes,Rock,2021,2,Kelly Clarkson,no,,,yes,84LgAEbKkMg,https://www.youtube.com/watch?v=84LgAEbKkMg,KC Videos archive,Kellyoke - A-O-K (Tai Verdes),15000,102
2023-05-09,4,691,151,Bridge over Troubled Water,Simon & Garfunkel,Rock,1970,53,Kelly Clarkson,no,,,no,gMxNcVuiWS0,https://www.youtube.com/watch?v=gMxNcVuiWS0,Xavier Del Cid archive,Kelly Clarkson Covers Bridge Over Troubled Water By Eva Cassidy l  Kellyoke,690,146
2023-05-11,4,692,152,Somebody Told Me,The Killers,Rock,2004,19,Kelly Clarkson,no,,,no,tQ5PuuC5v-U,https://www.youtube.com/watch?v=tQ5PuuC5v-U,KC Videos archive,Kellyoke | Somebody Told Me (The Killers),24000,119
2023-05-15,4,693,153,Can't Get You Out Of My Head,Kylie Minogue,Pop,2001,22,Kelly Clarkson,no,,,yes,_TaeHquwQUw,https://www.youtube.com/watch?v=_TaeHquwQUw,KC Videos archive,Kellyoke | Can't Get You Out of My Head (Kylie Minogue),15000,88
2023-05-17,4,694,154,Feels Like Home,Randy Newman,Country,1999,24,Kelly Clarkson,no,,,no,BAlrCghl294,https://www.youtube.com/watch?v=BAlrCghl294,KC Videos archive,Kellyoke | Feels Like Home (Randy Newman),20000,113
2023-05-18,4,695,155,Maneater,Hall & Oates,Pop,1982,41,Kelly Clarkson,no,,,no,hqcCyGzPbM4,https://www.youtube.com/watch?v=hqcCyGzPbM4,KC Videos archive,Kellyoke | Maneater (Hall & Oates),8900,98
2023-05-22,4,696,156,Yours,Russell Dickerson,Country,2015,8,Kelly Clarkson,no,,,no,PAL-0kaZI_g,https://www.youtube.com/watch?v=PAL-0kaZI_g,KC Videos archive,"Kellyoke | Yours (Now, Now)",7800,96
2023-05-23,4,697,157,If He Wanted to He Would,Kylie Morgan,,,,Kelly Clarkson,no,,,no,uC66q-UJKPA,https://www.youtube.com/watch?v=uC66q-UJKPA,KC Videos archive,Kellyoke | If He Wanted To He Would (Kylie Morgan),11000,105
2023-05-30,4,698,158,All Around the World,Lisa Stansfield,R&B / Soul,1989,34,Kelly Clarkson,no,,,no,N5M5tzDI6aE,https://www.youtube.com/watch?v=N5M5tzDI6aE,KC Videos archive,Kellyoke | All Around The World (Lisa Stansfield),8800,108
2023-06-01,4,699,159,Falling Slowly,Glen Hansard & Markéta Irglová,Folk,2006,17,Kelly Clarkson,no,Corey Ward,,yes,giAAMzryM0U,https://www.youtube.com/watch?v=giAAMzryM0U,KC Videos archive,Kellyoke | Falling Slowly (with Corey Ward),17000,116
2023-06-05,4,700,160,Sorry,Justin Bieber,Reggae,2015,8,Kelly Clarkson,no,,,yes,lYMtwfGVFyk,https://www.youtube.com/watch?v=lYMtwfGVFyk,KC Videos archive,Kellyoke | Sorry (Justin Bieber),31000,106
2023-06-08,4,701,161,Can't Stop,Red Hot Chili Peppers,Rock,2003,20,Kelly Clarkson,no,,,no,d5gpXSxPzdA,https://www.youtube.com/watch?v=d5gpXSxPzdA,KC Videos archive,Kellyoke | Can't Stop (Red Hot Chili Peppers),26000,102
2023-06-12,4,702,162,Pure Imagination,Fiona Apple,Pop,1971,52,Kelly Clarkson,no,,,no,pTD1CXwmU5M,https://www.youtube.com/watch?v=pTD1CXwmU5M,KC Videos archive,Kellyoke | Pure Imagination (Fiona Apple),8000,101
2023-10-16,5,703,1,I Won't Give Up,Kelly Clarkson,Pop,2023,0,Kelly Clarkson,no,,,no,9wyEoTbbsbI,https://www.youtube.com/watch?v=9wyEoTbbsbI,KC Videos archive,Kellyoke | i won't give up (Kelly Clarkson),18000,222
2023-10-17,5,704,2,Stronger (What Doesn't Kill You),Kelly Clarkson,Pop,2012,11,Kelly Clarkson,no,Billy Porter,,no,fos0jo6O22M,https://www.youtube.com/watch?v=fos0jo6O22M,KC Videos archive,Kellyoke |  Stronger [with Billy Porter] (Kelly Clarkson),8900,132
2023-10-18,5,705,3,New Attitude,Patti LaBelle,Rock,1984,39,Kelly Clarkson,no,,,no,T5-wjZfOl-M,https://www.youtube.com/watch?v=T5-wjZfOl-M,KC Videos archive,Kellyoke | New Attitude [ft. Paul Shaffer] (Patti LaBelle),19000,137
2023-10-19,5,706,4,Smiling,Alanis Morissette,Rock,2020,3,Kelly Clarkson,no,,,no,-Rmjq0u82Rg,https://www.youtube.com/watch?v=-Rmjq0u82Rg,KC Videos archive,Kellyoke | Smiling (Alanis Morissette),8200,131
2023-10-20,5,707,5,Crimson and Clover,Tommy James and the Shondells,Pop,1968,55,Kelly Clarkson,no,,,no,ZauEJfuBRoo,https://www.youtube.com/watch?v=ZauEJfuBRoo,KC Videos archive,Kellyoke | Crimson and Clover (Tommy James & the Shondells),13000,97
2023-10-23,5,708,6,Fighter,Christina Aguilera,Rock,2003,20,Kelly Clarkson,no,,,no,G-BnsctNOtM,https://www.youtube.com/watch?v=G-BnsctNOtM,KC Videos archive,Kellyoke | Fighter (Christina Aguilera),19000,113
2023-10-24,5,709,7,When It Comes to You,Cody Johnson,Country,,,Kelly Clarkson,no,,,no,IvlZqZ-dWwU,https://www.youtube.com/watch?v=IvlZqZ-dWwU,KC Videos archive,Kellyoke | When It Comes to You (Cody Johnson),10000,112
2023-10-25,5,710,8,Always In My Head,Coldplay,Electronic,2014,9,Kelly Clarkson,no,,,no,Ek-tehhtBLQ,https://www.youtube.com/watch?v=Ek-tehhtBLQ,KC Videos archive,Kellyoke |  Always in My Head (Coldplay),6500,120
2023-10-26,5,711,9,Lucky Star,Madonna,Pop,1983,40,Kelly Clarkson,no,,,no,N5Bh1xWDlVA,https://www.youtube.com/watch?v=N5Bh1xWDlVA,KC Videos archive,Kellyoke | Lucky Star (Madonna),14000,97
2023-10-27,5,712,10,1-2-3,Gloria Estefan & Miami Sound Machine,Latin,1988,35,Kelly Clarkson,no,,,no,FtFws5ohV9I,https://www.youtube.com/watch?v=FtFws5ohV9I,KC Videos archive,Kellyoke | 1-2- 3 (Gloria Estefan and Miami Sound Machine),8500,112
2023-10-30,5,713,11,Breakeven,The Script,Rock,2008,15,Kelly Clarkson,no,,,no,Npt8nXMGFF0,https://www.youtube.com/watch?v=Npt8nXMGFF0,Courtney O'shea archive,Kellyoke | Breakeven (The Script),51000,109
2023-10-31,5,714,12,vampire,Olivia Rodrigo,Pop,2023,0,Kelly Clarkson,no,,,no,Z9aQNpjX45c,https://www.youtube.com/watch?v=Z9aQNpjX45c,KC Videos archive,Kellyoke | vampire (Olivia Rodrigo),33000,122
2023-11-01,5,715,13,Tell It to My Heart,Taylor Dayne,Pop,1987,36,Kelly Clarkson,no,,,no,BSznpgryhhA,https://www.youtube.com/watch?v=BSznpgryhhA,KC Videos archive,Kellyoke | Tell It To My Heart (Taylor Dayne),25000,108
2023-11-02,5,716,14,Smile,Nat King Cole,R&B / Soul,,,Kelly Clarkson,no,,,no,S1_2eszlbDY,https://www.youtube.com/watch?v=S1_2eszlbDY,KC Videos archive,Kellyoke | Smile (Nat King Cole),6900,104
2023-11-03,5,717,15,"Love, You Didn't Do Right By Me",Rosemary Clooney,Pop,1954,69,Kelly Clarkson,no,,,no,XWMJeIRUvxs,https://www.youtube.com/watch?v=XWMJeIRUvxs,KC Videos archive,"Kellyoke | Love, You Didn't Do Right By Me (Rosemary Clooney)",8300,103
2023-11-06,5,718,16,Can I Stay,Ray LaMontagne,Rock,2006,17,Kelly Clarkson,no,,,no,NwY4yBu6JWE,https://www.youtube.com/watch?v=NwY4yBu6JWE,KC Videos archive,Kellyoke | Can I Stay (Ray LaMontagne),3700,108
2023-11-07,5,719,17,"Mama, Dolly, Jesus",Madeline Edwards,,,,Kelly Clarkson,no,,,no,mCN_2tuK64U,https://www.youtube.com/watch?v=mCN_2tuK64U,KC Videos archive,"Kellyoke | Mama, Dolly, Jesus (Madeline Edwards)",4500,102
2023-11-08,5,720,18,Unwritten,Natasha Bedingfield,R&B / Soul,2004,19,Kelly Clarkson,no,,,no,Wfx1Z8Bl4JE,https://www.youtube.com/watch?v=Wfx1Z8Bl4JE,KC Videos archive,Kellyoke | Unwritten (Natasha Bedingfield),21000,112
2023-11-09,5,721,19,Low,Kelly Clarkson,Pop,2003,20,Kelly Clarkson,no,,,no,ef1t0H0-3Vs,https://www.youtube.com/watch?v=ef1t0H0-3Vs,KC Videos archive,Kellyoke (Classic) | Low,8300,107
2023-11-10,5,722,20,I'm Gonna Be (500 Miles),The Proclaimers,Rock,1988,35,Kelly Clarkson,no,,,no,EcnbnL_W0cQ,https://www.youtube.com/watch?v=EcnbnL_W0cQ,KC Videos archive,Kellyoke | I'm Gonna Be (500 Miles) (The Proclaimers),29000,116
2023-11-13,5,723,21,Superstition,Stevie Wonder,R&B / Soul,1972,51,Kelly Clarkson,no,Lacey Scaffer-Thomas,,no,xnHw_ueQu_I,https://www.youtube.com/watch?v=xnHw_ueQu_I,KC Videos archive,Kellyoke | Superstition [with Lacey Scaffer-Thomas] (Stevie Wonder),7200,134
2023-11-14,5,724,22,That's Right,Kelly Clarkson featuring Sheila E,Pop,2023,0,Kelly Clarkson,no,Sheila E.,,no,TPVyl8vXMXc,https://www.youtube.com/watch?v=TPVyl8vXMXc,KC Videos archive,Kellyoke (Classic) | that's right [with Sheila E.],6500,151
2023-11-15,5,725,23,Watermelon Moonshine,Lainey Wilson,Country,2023,0,Kelly Clarkson,no,,,no,Vg-dSEmKNeE,https://www.youtube.com/watch?v=Vg-dSEmKNeE,KC Videos archive,Kellyoke | Watermelon Moonshine (Lainey Wilson),7000,114
2023-11-16,5,726,24,Lighthouse,Kelly Clarkson,Pop,2023,0,Kelly Clarkson,no,,,no,dtIaGXRwt4g,https://www.youtube.com/watch?v=dtIaGXRwt4g,KC Videos archive,Kellyoke (Classic) | lighthouse,24000,144
2023-11-17,5,727,25,Nature Boy,Nat King Cole,R&B / Soul,1948,75,Kelly Clarkson,no,,,no,QbxMdyOAvfE,https://www.youtube.com/watch?v=QbxMdyOAvfE,KC Videos archive,Kellyoke | Nature Boy (Nat King Cole),4600,128
2023-11-20,5,728,26,I Get a Kick Out of You,Cole Porter,,1934,89,Kelly Clarkson,no,,,no,PfTuumwPG0g,https://www.youtube.com/watch?v=PfTuumwPG0g,KC Videos archive,Kellyoke | I Get a Kick Out of You (Frank Sinatra),4200,136
2023-11-21,5,729,27,Bonfire at Tina's,Ashley McBryde,Country,,,Kelly Clarkson,no,,,no,IAh4bSY7JPI,https://www.youtube.com/watch?v=IAh4bSY7JPI,KC Videos archive,Kellyoke | Bonfire At Tina's (Ashley McBryde),4800,124
2023-11-22,5,730,28,Down to You,Kelly Clarkson,Pop,2023,0,Kelly Clarkson,no,,,no,L82Nsu5Sowo,https://www.youtube.com/watch?v=L82Nsu5Sowo,KC Videos archive,Kellyoke (Classic) | down to you,8300,115
2023-11-27,5,731,29,Like Eating Glass,Bloc Party,Rock,,,Kelly Clarkson,no,,,no,VmrAY109Jqk,https://www.youtube.com/watch?v=VmrAY109Jqk,KC Videos archive,Kellyoke | Like Eating Glass (Bloc Party),8700,101
2023-11-28,5,732,30,Location,Khalid,Rock,2016,7,Kelly Clarkson,no,,,no,PU5COaNLqBc,https://www.youtube.com/watch?v=PU5COaNLqBc,KC Videos archive,Kellyoke | Location (Khalid),5600,110
2023-11-29,5,733,31,Daylight,David Kushner,Pop,2023,0,Kelly Clarkson,no,,,no,J8_aLYMKI2k,https://www.youtube.com/watch?v=J8_aLYMKI2k,KC Videos archive,Kellyoke | Daylight (David Kushner),18000,129
2023-11-30,5,734,32,Missing You,John Waite,Rock,1984,39,Kelly Clarkson,no,,,no,Dl6JVg4TLK0,https://www.youtube.com/watch?v=Dl6JVg4TLK0,KC Videos archive,Kellyoke | Missing You (John Waite),10000,125
2023-12-01,5,735,33,Desperado,The Eagles,Rock,1973,50,Kelly Clarkson,no,,,no,msdcgSmSp04,https://www.youtube.com/watch?v=msdcgSmSp04,Courtney O'shea archive,Kellyoke | Desperado (Eagles),18000,116
2023-12-04,5,736,34,Dear Insecurity,Brandy Clark,Country,2023,0,Kelly Clarkson,no,Brandy Clark,,no,yyXXrLcJf80,https://www.youtube.com/watch?v=yyXXrLcJf80,KC Videos archive,Kellyoke | Dear Insecurity [with Brandy Clark] (Brandy Clark),7800,140
2023-12-05,5,737,35,Never Too Much,Luther Vandross,R&B / Soul,1981,42,Kelly Clarkson,no,,,no,OEDbvZauUQ8,https://www.youtube.com/watch?v=OEDbvZauUQ8,KC Videos archive,Kellyoke | Never Too Much (Luther Vandross),5600,126
2023-12-06,5,738,36,Vogue,Madonna,Electronic,1990,33,Kelly Clarkson,no,,,no,E-B_ngNtujo,https://www.youtube.com/watch?v=E-B_ngNtujo,KC Videos archive,Kellyoke | Vogue (Madonna),10000,105
2023-12-07,5,739,37,Wildfire,Cautious Clay,R&B / Soul,,,Kelly Clarkson,no,,,no,6RCapHkJ1nY,https://www.youtube.com/watch?v=6RCapHkJ1nY,KC Videos archive,Kellyoke | Wildfire (Cautious Clay),4100,95
2023-12-08,5,740,38,Grown-Up Christmas List,Amy Grant,Christmas,1989,34,Kelly Clarkson,no,,,no,i7aZhAKPi_8,https://www.youtube.com/watch?v=i7aZhAKPi_8,KC Videos archive,Kellyoke | Grown-Up Christmas List (Amy Grant),5200,114
2023-12-11,5,741,39,Glow,Kelly Clarkson & Chris Stapleton,Christmas,2021,2,Kelly Clarkson,no,,,no,7JYaHoa0_Pw,https://www.youtube.com/watch?v=7JYaHoa0_Pw,KC Videos archive,Kellyoke | Glow (Kelly Clarkson),3500,118
2023-12-12,5,742,40,Wrapped in Red,Kelly Clarkson,R&B / Soul,2014,9,Kelly Clarkson,no,,,no,RM92BcJAqQI,https://www.youtube.com/watch?v=RM92BcJAqQI,Courtney O'shea archive,Kellyoke | Wrapped in Red (Kelly Clarkson),3800,131
2023-12-13,5,743,41,Christmas Eve,Kelly Clarkson,Pop,2017,6,Kelly Clarkson,no,,,no,uH_B2hyAA8g,https://www.youtube.com/watch?v=uH_B2hyAA8g,Courtney O'shea archive,Kellyoke | Christmas Eve (Kelly Clarkson),3200,106
2023-12-14,5,744,42,4 Carats,Kelly Clarkson,Pop,2013,10,Kelly Clarkson,no,,,no,u6l7Fif_LE8,https://www.youtube.com/watch?v=u6l7Fif_LE8,KC Videos archive,Kellyoke | 4 Carats (Kelly Clarkson),2100,114
2023-12-15,5,745,43,Blue Christmas,Elvis Presley,Christmas,1964,59,Kelly Clarkson,no,,,no,cIWykoXYEwM,https://www.youtube.com/watch?v=cIWykoXYEwM,KC Videos archive,Kellyoke | Blue Christmas (Elvis Presley),3000,112
2023-12-18,5,746,44,O Holy Night,,Classical,,,Kelly Clarkson,no,,,no,0dXgdhQ-RTk,https://www.youtube.com/watch?v=0dXgdhQ-RTk,KC Videos archive,Kellyoke | O Holy Night,15000,123
2023-12-19,5,747,45,DJ Play a Christmas Song,Cher,Pop,2023,0,Kelly Clarkson,no,,,no,l_am8DBio_o,https://www.youtube.com/watch?v=l_am8DBio_o,KC Videos archive,Kellyoke | DJ Play A Christmas Song (Cher),42000,119
2023-12-20,5,748,46,This Christmas,Donny Hathaway,Christmas,1970,53,Kelly Clarkson,no,,,no,9EtI1v4ICyI,https://www.youtube.com/watch?v=9EtI1v4ICyI,KC Videos archive,Kellyoke | This Christmas (Donny Hathaway),2300,120
2023-12-21,5,749,47,Christmas in Sarajevo,Savatage,Christmas,1996,27,Kelly Clarkson,no,,,no,JNWBrhA0ung,https://www.youtube.com/watch?v=JNWBrhA0ung,Weekly recap,,,
2023-12-22,5,750,48,Underneath the Tree,Kelly Clarkson,Pop,2013,10,Kelly Clarkson,no,,,no,-xcQ9C83JbM,https://www.youtube.com/watch?v=-xcQ9C83JbM,Courtney O'shea archive,Kellyoke | Underneath the Tree,119,136
2024-01-08,5,751,49,Eternal Flame,The Bangles,Rock,1989,35,Kelly Clarkson,no,,,no,b96hCMaGKQM,https://www.youtube.com/watch?v=b96hCMaGKQM,KC Videos archive,Kellyoke | Eternal Flame (The Bangles),19000,104
2024-01-09,5,752,50,Tossed Salad and Scrambled Eggs,Kelsey Grammer,,,,Kelly Clarkson,no,Kelsey Grammer,,no,sWgKsv7gLq0,https://www.youtube.com/watch?v=sWgKsv7gLq0,Weekly recap,,,
2024-01-10,5,753,51,Used to Be Young,Miley Cyrus,Pop,2023,1,Kelly Clarkson,no,,,no,ELKJ9XUXpx4,https://www.youtube.com/watch?v=ELKJ9XUXpx4,Courtney O'shea archive,Kellyoke | Used To Be Young (Miley Cyrus),10000,104
2024-01-11,5,754,52,Just Cause I Love You,Avery Anna,Country,,,Kelly Clarkson,no,,,no,q6TMH1yzXwo,https://www.youtube.com/watch?v=q6TMH1yzXwo,KC Videos archive,Kellyoke | Just Cause I Love You (Avery Anna),7500,112
2024-01-12,5,755,53,Trouble Blues,Sam Cooke,R&B / Soul,,,Kelly Clarkson,no,,,no,PWOA54qhx9s,https://www.youtube.com/watch?v=PWOA54qhx9s,Courtney O'shea archive,Kellyoke | Trouble Blues (Sam Cooke),5700,137
2024-01-15,5,756,54,Pride (In the Name of Love),U2,Rock,1984,40,Kelly Clarkson,no,,,no,MzKwEM3a-eI,https://www.youtube.com/watch?v=MzKwEM3a-eI,Courtney O'shea archive,Kellyoke | Pride (In the Name Of Love) (U2),10000,110
2024-01-16,5,757,55,Chains,Tina Arena,Rock,1994,30,Kelly Clarkson,no,,,no,xl5dWInersw,https://www.youtube.com/watch?v=xl5dWInersw,KC Videos archive,Kellyoke | Chains (Tina Arena),11000,125
2024-01-17,5,758,56,Riptide,Vance Joy,Folk,2013,11,Kelly Clarkson,no,,,no,wPYRSSg5MLA,https://www.youtube.com/watch?v=wPYRSSg5MLA,KC Videos archive,Kellyoke | Riptide (Vance Joy),14000,107
2024-01-18,5,759,57,Don't Let Go (Love),En Vogue,R&B / Soul,1996,28,Kelly Clarkson,no,,,no,rNvXkYuVz-k,https://www.youtube.com/watch?v=rNvXkYuVz-k,KC Videos archive,Kellyoke | Don't Let Go (En Vogue),20000,134
2024-01-19,5,760,58,My Way,Frank Sinatra,Pop,1969,55,Kelly Clarkson,no,,,no,nYXL0QvO7MM,https://www.youtube.com/watch?v=nYXL0QvO7MM,KC Videos archive,Kellyoke | My Way (Frank Sinatra),119000,101
2024-01-22,5,761,59,Kids in America,Kim Wilde,Pop,1981,43,Kelly Clarkson,no,,,no,Xn7_Hyy2EvY,https://www.youtube.com/watch?v=Xn7_Hyy2EvY,KC Videos archive,Kellyoke | Kids in America (Kim Wilde),4400,106
2024-01-23,5,762,60,Cure for Me,Aurora,Pop,,,Kelly Clarkson,no,,,no,k2YUY_KvXm0,https://www.youtube.com/watch?v=k2YUY_KvXm0,KC Videos archive,Kellyoke | Cure for Me (AURORA),7000,98
2024-01-24,5,763,61,All the Man That I Need,Whitney Houston,Pop,1990,34,Kelly Clarkson,no,,,no,2XaJzLq_veQ,https://www.youtube.com/watch?v=2XaJzLq_veQ,KC Videos archive,Kellyoke | All the Man That I Need (Whitney Houston),13000,110
2024-01-25,5,764,62,Heaven,Niall Horan,Rock,2023,1,Kelly Clarkson,no,,,no,bA4hmaenArA,https://www.youtube.com/watch?v=bA4hmaenArA,Courtney O'shea archive,Kellyoke | Heaven (Niall Horan),3000,140
2024-01-26,5,765,63,Mysterious Ways,U2,Rock,1991,33,Kelly Clarkson,no,,,no,L6r-GxtW2ko,https://www.youtube.com/watch?v=L6r-GxtW2ko,KC Videos archive,Kellyoke | Mysterious Ways (U2),3400,103
2024-01-29,5,766,64,The Way It Is,Bruce Hornsby and the Range,Rock,1986,38,Kelly Clarkson,no,,,no,e9QNfnhWVh4,https://www.youtube.com/watch?v=e9QNfnhWVh4,Courtney O'shea archive,Kellyoke | The Way It Is (Bruce Hornsby),3200,115
2024-01-30,5,767,65,Jaded,Miley Cyrus,Rock,2023,1,Kelly Clarkson,no,,,no,VB5tJhwtYhE,https://www.youtube.com/watch?v=VB5tJhwtYhE,KC Videos archive,Kellyoke | Jaded (Miley Cyrus),5500,120
2024-01-31,5,768,66,Lost and Lookin',Sam Cooke,R&B / Soul,1963,61,Kelly Clarkson,no,,,no,9V5zeKuHdag,https://www.youtube.com/watch?v=9V5zeKuHdag,KC Videos archive,Kellyoke | Lost and Lookin' (Sam Cooke),2800,131
2024-02-01,5,769,67,Quietly Yours,Birdy,Folk,,,Kelly Clarkson,no,,,no,6npjNKX4TZI,https://www.youtube.com/watch?v=6npjNKX4TZI,KC Videos archive,Kellyoke | Quietly Yours (Birdy),5000,105
2024-02-05,5,770,68,Running with the Wolves,Aurora,Pop,2015,9,Kelly Clarkson,no,,,no,X31_KUEa5Hw,https://www.youtube.com/watch?v=X31_KUEa5Hw,Courtney O'shea archive,Kellyoke | Running with the Wolves (Aurora),5900,115
2024-02-06,5,771,69,Comin' Home Baby,Mel Tormé,R&B / Soul,1962,62,Kelly Clarkson,no,,,no,NVAusfd5I8Q,https://www.youtube.com/watch?v=NVAusfd5I8Q,KC Videos archive,Kellyoke | Comin' Home Baby (Mel Tormé),2200,127
2024-02-07,5,772,70,Don't Worry Baby,The Beach Boys,Pop,1964,60,Kelly Clarkson,no,,,no,vG-BWOLf8zU,https://www.youtube.com/watch?v=vG-BWOLf8zU,KC Videos archive,Kellyoke | Don't Worry Baby (The Beach Boys),4300,106
2024-02-08,5,773,71,Blonde,Dogstar,Rock,,,Kelly Clarkson,no,,,no,L037fbk441w,https://www.youtube.com/watch?v=L037fbk441w,The Kelly Clarkson Show (official),Kelly Clarkson Covers 'Blonde' By Dogstar | Kellyoke,136000,120
2024-02-09,5,774,72,My Love Mine All Mine,Mitski,Country,2023,1,Kelly Clarkson,no,,,no,uqpnKkUPl38,https://www.youtube.com/watch?v=uqpnKkUPl38,KC Videos archive,Kellyoke | My Love Mine All Mine (Mitski),20000,110
2024-02-12,5,775,73,It Was a Sin,The Revivalists,Rock,,,Kelly Clarkson,no,,,no,ZYzxphbaRN4,https://www.youtube.com/watch?v=ZYzxphbaRN4,KC Videos archive,Kellyoke | It Was A Sin (The Revivalists),5300,117
2024-02-13,5,776,74,Rock and a Hard Place,Bailey Zimmerman,Country,2022,2,Kelly Clarkson,no,,,no,Nz2A9o7fnMQ,https://www.youtube.com/watch?v=Nz2A9o7fnMQ,KC Videos archive,Kellyoke | Rock and A Hard Place (Bailey Zimmerman),4900,148
2024-02-14,5,777,75,L-O-V-E,Nat King Cole,Jazz / Blues,1964,60,Kelly Clarkson,no,,,no,AxBOMxN0by0,https://www.youtube.com/watch?v=AxBOMxN0by0,KC Videos archive,Kellyoke | L O V E (Nat King Cole),4900,108
2024-02-15,5,778,76,Save Me,Jelly Roll feat. Lainey Wilson,Country,2020,4,Kelly Clarkson,no,,,no,RPfQwGhwjl8,https://www.youtube.com/watch?v=RPfQwGhwjl8,KC Videos archive,Kellyoke | Save Me (Jelly Roll),85000,140
2024-02-16,5,779,77,I'll Always Love You,Taylor Dayne,R&B / Soul,1988,36,Kelly Clarkson,no,Taylor Dayne,,no,KhURx9NvjRM,https://www.youtube.com/watch?v=KhURx9NvjRM,KC Videos archive,Kellyoke | I'll Always Love You [with Taylor Dayne] (Taylor Dayne),11000,205
2024-02-19,5,780,78,Let's Get Loud,Jennifer Lopez,Pop,2000,24,Kelly Clarkson,no,,,no,tGBqxO6exMw,https://www.youtube.com/watch?v=tGBqxO6exMw,KC Videos archive,Kellyoke | Let's Get Loud (Jennifer Lopez),9400,188
2024-02-20,5,781,79,The Right Time,Ray Charles,R&B / Soul,1957,67,Kelly Clarkson,no,,,no,f7bcRmhEjqI,https://www.youtube.com/watch?v=f7bcRmhEjqI,KC Videos archive,Kellyoke | Night Time Is the Right Time (Ray Charles),2700,122
2024-02-21,5,782,80,I Was Wrong,Chris Stapleton,Country,2017,7,Kelly Clarkson,no,,,no,K0_122u58eo,https://www.youtube.com/watch?v=K0_122u58eo,KC Videos archive,Kellyoke | I Was Wrong (Chris Stapleton),3800,123
2024-02-22,5,783,81,Shelter,Ray LaMontagne,Rock,2004,20,Kelly Clarkson,no,,,no,mKNYlMo_hbM,https://www.youtube.com/watch?v=mKNYlMo_hbM,KC Videos archive,Kellyoke | Shelter (Ray LaMontagne),2700,147
2024-02-23,5,784,82,I Can't Stand the Rain,Ann Peebles,R&B / Soul,1973,51,Kelly Clarkson,no,,,no,wJ70TV8dSbw,https://www.youtube.com/watch?v=wJ70TV8dSbw,Courtney O'shea archive,Kellyoke | I Can't Stand the Rain (Ann Peebles),4500,112
2024-02-26,5,785,83,Brighter Than Sunshine,Aqualung,Rock,2003,21,Kelly Clarkson,no,,,no,ZSHPcgXWCOk,https://www.youtube.com/watch?v=ZSHPcgXWCOk,KC Videos archive,Kellyoke | Brighter Than Sunshine (Aqualung),2000,121
2024-02-27,5,786,84,Feather,Sabrina Carpenter,Electronic,2023,1,Kelly Clarkson,no,,,no,hTIh7UfdLHE,https://www.youtube.com/watch?v=hTIh7UfdLHE,KC Videos archive,Kellyoke | Feather (Sabrina Carpenter),4100,122
2024-02-28,5,787,85,When You Say Nothing at All,Keith Whitley,Country,1988,36,Kelly Clarkson,no,,,no,e9Lqe2AznIc,https://www.youtube.com/watch?v=e9Lqe2AznIc,KC Videos archive,Kellyoke | When You Say Nothing at All (Keith Whitley),6800,118
2024-02-29,5,788,86,I Think We're Alone Now,Tommy James and the Shondells,Rock,1967,57,Kelly Clarkson,no,,Tiffany version,no,Qq2lL-p2fvs,https://www.youtube.com/watch?v=Qq2lL-p2fvs,KC Videos archive,Kellyoke | I Think We're Alone Now (Tiffany),9900,116
2024-03-04,5,789,87,Magic,Kelly Clarkson,Pop,2023,1,Kelly Clarkson,no,,,no,JUdqSAo7dJA,https://www.youtube.com/watch?v=JUdqSAo7dJA,KC Videos archive,Kellyoke (Classic) | magic (Kelly Clarkson),3000,128
2024-03-05,5,790,88,Country's Cool Again,Lainey Wilson,Country,,,Kelly Clarkson,no,Lainey Wilson,,no,6GlaY5aDOls,https://www.youtube.com/watch?v=6GlaY5aDOls,KC Videos archive,Kellyoke | Country's Cool Again [with Lainey Wilson] (Lainey Wilson),4800,182
2024-03-06,5,791,89,Carrying Your Love with Me,George Strait,Country,1997,27,Kelly Clarkson,no,,,no,J80Pk8JFZdo,https://www.youtube.com/watch?v=J80Pk8JFZdo,KC Videos archive,Kellyoke | Carrying Your Love with Me (George Strait),3600,125
2024-03-07,5,792,90,Smell Like Smoke,Lainey Wilson,Country,2022,2,Kelly Clarkson,no,,,no,prpUF7kk-5U,https://www.youtube.com/watch?v=prpUF7kk-5U,KC Videos archive,Kellyoke | Smell Like Smoke (Lainey Wilson),2200,115
2024-03-08,5,793,91,1985,Bowling for Soup,Punk,2004,20,Kelly Clarkson,no,,,no,D3y_3qi2uY4,https://www.youtube.com/watch?v=D3y_3qi2uY4,KC Videos archive,Kellyoke | 1985 (Bowling for Soup),40000,117
2024-03-11,5,794,92,Fighter,Christina Aguilera,Rock,2003,21,Kelly Clarkson,no,,,no,t4kHWQROFuM,https://www.youtube.com/watch?v=t4kHWQROFuM,Courtney O'shea archive,Kellyoke | Fighter (Christina Aguilera),336,112
2024-03-12,5,795,93,Favorite Kind of High,Kelly Clarkson,Pop,2023,1,Kelly Clarkson,no,,,no,hgJFebJ0CUo,https://www.youtube.com/watch?v=hgJFebJ0CUo,KC Videos archive,Kellyoke (Classic) | favorite kind of high (Kelly Clarkson),9200,102
2024-03-13,5,796,94,Dose,Teddy Swims,Pop,,,Kelly Clarkson,no,,,no,MUSXOSWybZY,https://www.youtube.com/watch?v=MUSXOSWybZY,KC Videos archive,Kellyoke | Dose (Teddy Swims),3400,116
2024-03-14,5,797,95,White Horse,Chris Stapleton,Country,2023,1,Kelly Clarkson,no,,,no,tmiOIoBhM5Q,https://www.youtube.com/watch?v=tmiOIoBhM5Q,KC Videos archive,Kellyoke | White Horse (Chris Stapleton),4500,120
2024-03-15,5,798,96,Good Vibrations,Marky Mark and the Funky Bunch,Hip hop,1991,33,Kelly Clarkson,no,,,no,j_YbgWHWXqo,https://www.youtube.com/watch?v=j_YbgWHWXqo,Courtney O'shea archive,Kellyoke | Good Vibrations (Marky Mark and the Funky Bunch),3800,111
2024-03-18,5,799,97,The Bones,Maren Morris,Pop,2019,5,Kelly Clarkson,no,,,no,znp79ecJFtA,https://www.youtube.com/watch?v=znp79ecJFtA,KC Videos archive,Kellyoke | The Bones (Maren Morris),5000,108
2024-03-19,5,800,98,Wide Awake,Katy Perry,Pop,2012,12,Kelly Clarkson,no,,,no,idMhBUUjL4g,https://www.youtube.com/watch?v=idMhBUUjL4g,KC Videos archive,Kellyoke | Wide Awake (Katy Perry),12000,142
2024-03-20,5,801,99,Black Horse and the Cherry Tree,KT Tunstall,Rock,2005,19,Kelly Clarkson,no,,,no,zaDS1EnVfpM,https://www.youtube.com/watch?v=zaDS1EnVfpM,Xavier Del Cid archive,Kelly Clarkson Covers 'Black Horse and the Cherry Tree' By KT Tunstall l  Kellyoke,352,140
2024-03-21,5,802,100,Boondocks,Little Big Town,Country,2005,19,Kelly Clarkson,no,,,no,GWIoBcUTndU,https://www.youtube.com/watch?v=GWIoBcUTndU,KC Videos archive,Kellyoke | Boondocks (Little Big Town),5700,115
2024-03-22,5,803,101,I Can't Stand the Rain,Ann Peebles,R&B / Soul,1973,51,Kelly Clarkson,no,,,no,wJ70TV8dSbw,https://www.youtube.com/watch?v=wJ70TV8dSbw,KC Videos archive,Kellyoke | I Can't Stand the Rain (Ann Peebles),4500,132
2024-03-25,5,804,102,Beggin',The Four Seasons,R&B / Soul,1967,57,Kelly Clarkson,no,,Måneskin version,no,VgzK7Isxcz0,https://www.youtube.com/watch?v=VgzK7Isxcz0,KC Videos archive,Kellyoke | Beggin' (Måneskin),49000,109
2024-03-26,5,805,103,Too Cool to Die,Post Malone,Pop,2015,9,Kelly Clarkson,no,,,no,D9GYngwZHNo,https://www.youtube.com/watch?v=D9GYngwZHNo,KC Videos archive,Kellyoke | Too Cool To Die (Post Malone),5900,109
2024-03-27,5,806,104,I Hate Love,Kelly Clarkson feat. Steve Martin,Pop,2023,1,Kelly Clarkson,no,,,no,vl9YjopUrL8,https://www.youtube.com/watch?v=vl9YjopUrL8,KC Videos archive,Kellyoke (Classic) | i hate love,3800,125
2024-03-28,5,807,105,What Was I Made For?,Billie Eilish,Pop,2023,1,Kelly Clarkson,no,,,no,IfhCnxN6c5M,https://www.youtube.com/watch?v=IfhCnxN6c5M,KC Videos archive,Kellyoke | What Was I Made For (Billie Eilish),12000,126
2024-03-29,5,808,106,Stay High,Brittany Howard,R&B / Soul,2019,5,Kelly Clarkson,no,Brittany Howard,,no,F04YW04xqoM,https://www.youtube.com/watch?v=F04YW04xqoM,KC Videos archive,Kellyoke | Stay High [with Brittany Howard] (Brittany Howard),53000,177
2024-04-01,5,809,107,I Dare You,Kelly Clarkson,Pop,2020,4,Kelly Clarkson,no,,,no,f_cxABWIA9E,https://www.youtube.com/watch?v=f_cxABWIA9E,KC Videos archive,Kellyoke (Classic) | I Dare You (Appelle Ton Amour),5200,132
2024-04-02,5,810,108,Somebody Like You,Keith Urban,Country,2002,22,Kelly Clarkson,no,,,no,RWk6pYTMArI,https://www.youtube.com/watch?v=RWk6pYTMArI,KC Videos archive,Kellyoke | Somebody Like You (Keith Urban),10000,122
2024-04-03,5,811,109,Die For You,Joji,R&B / Soul,2022,2,Kelly Clarkson,no,,,no,XfUGjWKVuOE,https://www.youtube.com/watch?v=XfUGjWKVuOE,KC Videos archive,Kellyoke | Die For You (Joji),5300,114
2024-04-04,5,812,110,Be Still,Kelly Clarkson,Jazz / Blues,,,Kelly Clarkson,no,,,no,bXFLwlDi9hk,https://www.youtube.com/watch?v=bXFLwlDi9hk,KC Videos archive,Kellyoke (Classic) | Be Still,3800,122
2024-04-05,5,813,111,Over the Rainbow,Judy Garland,Pop,,,Kelly Clarkson,no,,,no,qgaPMLUiKSM,https://www.youtube.com/watch?v=qgaPMLUiKSM,KC Videos archive,Kellyoke | Over the Rainbow (Judy Garland),7000,128
2024-04-08,5,814,112,Edge of Midnight,Miley Cyrus,Pop,,,Kelly Clarkson,no,,,no,Y9KYcD8iy0c,https://www.youtube.com/watch?v=Y9KYcD8iy0c,KC Videos archive,Kellyoke | Edge of Midnight (Miley Cyrus ft  Stevie Nicks),6300,112
2024-04-09,5,815,113,Me,Kelly Clarkson,Pop,2023,1,Kelly Clarkson,no,,,no,38ORpvag7c0,https://www.youtube.com/watch?v=38ORpvag7c0,KC Videos archive,Kellyoke (Classic) | me,10000,147
2024-04-10,5,816,114,Some Things I'll Never Know,Teddy Swims,Pop,,,Kelly Clarkson,no,,,no,rhgL6iSEB2g,https://www.youtube.com/watch?v=rhgL6iSEB2g,KC Videos archive,Kellyoke | Some Things I'll Never Know (Teddy Swims),9000,123
2024-04-11,5,817,115,Mind Your Own Business,Hank Williams,Country,1949,75,Kelly Clarkson,no,,,no,VHZGl85eQ2s,https://www.youtube.com/watch?v=VHZGl85eQ2s,KC Videos archive,Kellyoke | Mind Your Own Business (Hank Williams),3300,112
2024-04-12,5,818,116,Ain't Nobody,Rufus,R&B / Soul,1983,41,Kelly Clarkson,no,,,no,OshioKEUELM,https://www.youtube.com/watch?v=OshioKEUELM,KC Videos archive,Kellyoke | Ain't Nobody (Chaka Khan),12000,112
2024-04-15,5,819,117,Apologies,Grace Potter and the Nocturnals,Rock,2007,17,Kelly Clarkson,no,,,no,fzilPH9C4e0,https://www.youtube.com/watch?v=fzilPH9C4e0,KC Videos archive,Kellyoke | Apologies (Grace Potter & the Nocturnals),2600,110
2024-04-16,5,820,118,Get on Your Feet,Gloria Estefan,Pop,1989,35,Kelly Clarkson,no,,,no,yoUaHPBb5-o,https://www.youtube.com/watch?v=yoUaHPBb5-o,KC Videos archive,Kellyoke | Get On Your Feet (Gloria Estefan),5600,112
2024-04-17,5,821,119,Invincible,Kelly Clarkson,Pop,2015,9,Kelly Clarkson,no,,,no,uMBwMiDiB70,https://www.youtube.com/watch?v=uMBwMiDiB70,KC Videos archive,Kellyoke (Classic) | Invincible,5000,131
2024-04-18,5,822,120,Remember Me,Coco,,2017,7,Kelly Clarkson,no,,,no,WoPnNQE9mDc,https://www.youtube.com/watch?v=WoPnNQE9mDc,KC Videos archive,Kellyoke | Remember Me (from Coco),5300,75
2024-04-19,5,823,121,Used to Be Young,Miley Cyrus,Pop,2023,1,Kelly Clarkson,no,,,no,ELKJ9XUXpx4,https://www.youtube.com/watch?v=ELKJ9XUXpx4,KC Videos archive,Kellyoke | Used To Be Young (Miley Cyrus),10000,103
2024-04-22,5,824,122,Why Don't We Just Dance,Josh Turner,Country,2009,15,Kelly Clarkson,no,,,no,lBaMMdupE4I,https://www.youtube.com/watch?v=lBaMMdupE4I,KC Videos archive,Kellyoke | Why Don't We Just Dance (Josh Turner),4800,119
2024-04-23,5,825,123,It Was Almost Like a Song,Ronnie Milsap,Country,1977,47,Kelly Clarkson,no,,,no,mf2dFCLq9kU,https://www.youtube.com/watch?v=mf2dFCLq9kU,KC Videos archive,Kellyoke | It Was Almost Like A Song (Ronnie Milsap),9800,129
2024-04-24,5,826,124,Can't Catch Me Now,Olivia Rodrigo,Rock,2023,1,Kelly Clarkson,no,,,no,ZSeNP_WiAM0,https://www.youtube.com/watch?v=ZSeNP_WiAM0,KC Videos archive,Kellyoke | Can't Catch Me Now (Olivia Rodrigo),3600,118
2024-04-25,5,827,125,Get Yourself Another Fool,Sam Cooke,R&B / Soul,,,Kelly Clarkson,no,,,no,Dz4eNdcurbM,https://www.youtube.com/watch?v=Dz4eNdcurbM,KC Videos archive,Kellyoke | Get Yourself Another Fool (Sam Cooke),4600,124
2024-04-26,5,828,126,The Heart of the Matter,Don Henley,Rock,1990,34,Kelly Clarkson,no,,,no,F9J_JGXwmTo,https://www.youtube.com/watch?v=F9J_JGXwmTo,KC Videos archive,Kellyoke | The Heart of the Matter (Don Henley),15000,122
2024-04-29,5,829,127,All About That Bass,Meghan Trainor,Pop,2014,10,Kelly Clarkson,no,Meghan Trainor,,no,7RnwPf9dxhM,https://www.youtube.com/watch?v=7RnwPf9dxhM,KC Videos archive,Kellyoke | All About That Bass [with Meghan Trainor] (Meghan Trainor),5600,166
2024-04-30,5,830,128,Chemical,Post Malone,Rock,2023,1,Kelly Clarkson,no,,,no,EpyDraMmoYg,https://www.youtube.com/watch?v=EpyDraMmoYg,KC Videos archive,Kellyoke | Chemical (Post Malone),6600,106
2024-05-01,5,831,129,Till You Love Me,Reba McEntire,Country,1994,30,Kelly Clarkson,no,,,no,vi9oORDC9w8,https://www.youtube.com/watch?v=vi9oORDC9w8,KC Videos archive,Kellyoke | Till You Love Me (Reba McEntire),9600,96
2024-05-02,5,832,130,Fix You,Coldplay,Rock,2005,19,Kelly Clarkson,no,,,no,z3Ev9lBCiOM,https://www.youtube.com/watch?v=z3Ev9lBCiOM,KC Videos archive,Kellyoke | Fix You (Coldplay),9500,128
2024-05-03,5,833,131,Let Him Fly,Patty Griffin,Folk,1996,28,Kelly Clarkson,no,,,no,LBPSnXC1GYE,https://www.youtube.com/watch?v=LBPSnXC1GYE,KC Videos archive,Kellyoke | Let Him Fly (Patty Griffin),6300,128
2024-05-06,5,834,132,Sad but True,Metallica,Metal,1993,31,Kelly Clarkson,no,,,no,bh5vWljggmM,https://www.youtube.com/watch?v=bh5vWljggmM,KC Videos archive,Kellyoke | Sad But True (Metallica),40000,111
2024-05-07,5,835,133,Two Story House,Lainey Wilson,Country,,,Kelly Clarkson,no,,,no,EikAE2WATx4,https://www.youtube.com/watch?v=EikAE2WATx4,KC Videos archive,Kellyoke | Two Story House (Lainey Wilson),4200,106
2024-05-08,5,836,134,Behind These Hazel Eyes,Kelly Clarkson,Rock,2005,19,Kelly Clarkson,no,,,no,ixYJO8p8R1g,https://www.youtube.com/watch?v=ixYJO8p8R1g,KC Videos archive,Kellyoke (Classic) | Behind These Hazel Eyes,57000,117
2024-05-09,5,837,135,She's Not the Cheatin' Kind,Brooks & Dunn,Country,1994,30,Kelly Clarkson,no,,,no,bTmEerVGBIY,https://www.youtube.com/watch?v=bTmEerVGBIY,KC Videos archive,Kellyoke | She's Not the Cheatin' Kind (Brooks & Dunn),4800,126
2024-05-10,5,838,136,Beggin for Thread,Banks,Pop,2014,10,Kelly Clarkson,no,,,no,I-osm7kykyA,https://www.youtube.com/watch?v=I-osm7kykyA,KC Videos archive,Kellyoke | Beggin' for Thread (Banks),9800,118
2024-05-13,5,839,137,Better Place,NSYNC,Pop,2023,1,Kelly Clarkson,no,,,no,ibfhLnvdHzc,https://www.youtube.com/watch?v=ibfhLnvdHzc,KC Videos archive,Kellyoke | Better Place (*NSYNC),2600,113
2024-05-14,5,840,138,Cry,Kelly Clarkson,Rock,2024,0,Kelly Clarkson,no,,,no,pMxJS8yrl6s,https://www.youtube.com/watch?v=pMxJS8yrl6s,KC Videos archive,Kellyoke (Classic) | Cry,9300,128
2024-05-15,5,841,139,Say It Ain't So,Weezer,Rock,1995,29,Kelly Clarkson,no,Weezer,,no,KbNbYc_9wMM,https://www.youtube.com/watch?v=KbNbYc_9wMM,KC Videos archive,Kellyoke | Say It Ain't So [with Weezer] (Weezer),1900,138
2024-05-16,5,842,140,bad idea right?,Olivia Rodrigo,Punk,2023,1,Kelly Clarkson,no,,,no,RMOrPwKSAtI,https://www.youtube.com/watch?v=RMOrPwKSAtI,KC Videos archive,Kellyoke | bad idea right? (Olivia Rodrigo),5100,111
2024-05-17,5,843,141,Not Today,Kelly Clarkson,Rock,2007,17,Kelly Clarkson,no,,,no,l5yRI7GkcuM,https://www.youtube.com/watch?v=l5yRI7GkcuM,KC Videos archive,Kellyoke (Classic) | Not Today,3500,121
2024-05-20,5,844,142,Something Real,Post Malone,Pop,,,Kelly Clarkson,no,,,no,tgvtliO5Jtk,https://www.youtube.com/watch?v=tgvtliO5Jtk,KC Videos archive,Kellyoke | Something Real (Post Malone),5900,110
2024-05-21,5,845,143,You Love Who You Love,Zara Larsson,Pop,2024,0,Kelly Clarkson,no,,,no,qsknds-b6Nk,https://www.youtube.com/watch?v=qsknds-b6Nk,KC Videos archive,Kellyoke | You Love Who You Love (Zara Larsson),3000,121
2024-05-22,5,846,144,Addicted,Kelly Clarkson,Rock,2004,20,Kelly Clarkson,no,,,no,7ZVj_lNX0mI,https://www.youtube.com/watch?v=7ZVj_lNX0mI,KC Videos archive,Kellyoke (Classics) | Addicted,17000,153
2024-05-23,5,847,145,Breakeven,The Script,Rock,2008,16,Kelly Clarkson,no,,,no,Npt8nXMGFF0,https://www.youtube.com/watch?v=Npt8nXMGFF0,KC Videos archive,Kellyoke | Breakeven (The Script),51000,110
2024-05-24,5,848,146,Bloom,Aqyila,,,,Kelly Clarkson,no,,,no,QoBAEyKAPpQ,https://www.youtube.com/watch?v=QoBAEyKAPpQ,KC Videos archive,Kellyoke | Bloom (The Paper Kites),3900,118
2024-05-28,5,849,147,Make You Feel My Love,Bob Dylan,Folk,,,Kelly Clarkson,no,Ben Platt,,no,R7TvyUR3LWY,https://www.youtube.com/watch?v=R7TvyUR3LWY,Other upload,,,
2024-05-29,5,850,148,On My Own,Patti LaBelle & Michael McDonald,Pop,1986,38,Kelly Clarkson,no,Patti LaBelle,Reba McEntire version,no,uQaJDF9nnh0,https://www.youtube.com/watch?v=uQaJDF9nnh0,KC Videos archive,Kellyoke | On My Own [with Patti LaBelle] (Patti LaBelle),2200,148
2024-05-30,5,851,149,Whyyawannabringmedown,Kelly Clarkson,Punk,2009,15,Kelly Clarkson,no,,,no,BH3k4w39YiY,https://www.youtube.com/watch?v=BH3k4w39YiY,Xavier Del Cid archive,Kellyoke (Classic) | Whyyouwannbringmedown,4500,168
2024-05-31,5,852,150,Come Rain or Come Shine,Johnny Mercer,,1946,78,Kelly Clarkson,no,,,no,7EG6ZJRuRf8,https://www.youtube.com/watch?v=7EG6ZJRuRf8,KC Videos archive,Kellyoke | Come Rain or Come Shine,2900,119
2024-06-03,5,853,151,Becky's So Hot,Fletcher,Pop,2022,2,Kelly Clarkson,no,,,no,R2jj4tMGuhM,https://www.youtube.com/watch?v=R2jj4tMGuhM,The Kelly Clarkson Show (official),'Becky's So Hot' By FLETCHER | Kelly Clarkson Cover | Kellyoke,101000,125
2024-06-04,5,854,152,Beautiful Disaster,Kelly Clarkson,Pop,,,Kelly Clarkson,no,,,no,p15jAt426Uk,https://www.youtube.com/watch?v=p15jAt426Uk,KC Videos archive,Kellyoke (Classic) | Beautiful Disaster,187000,186
2024-06-05,5,855,153,I Will Wait,Mumford & Sons,Folk,2012,12,Kelly Clarkson,no,,,no,_XmirZfaJBE,https://www.youtube.com/watch?v=_XmirZfaJBE,KC Videos archive,Kellyoke | I Will Wait (Mumford & Sons),9900,128
2024-06-06,5,856,154,Blaze of Glory,Jon Bon Jovi,Rock,1990,34,Kelly Clarkson,no,,,no,kSjqKxk0cVo,https://www.youtube.com/watch?v=kSjqKxk0cVo,Xavier Del Cid archive,Kelly Clarkson Covers 'Blaze of Glory' By Jon Bon Jovi l Kellyoke,73,140
2024-06-10,5,857,155,Big Time,Peter Gabriel,Rock,1986,38,Kelly Clarkson,no,,,no,XgcEbPcIHXE,https://www.youtube.com/watch?v=XgcEbPcIHXE,KC Videos archive,Kellyoke | Big Time (LP),2600,130
2024-06-11,5,858,156,Beautiful Things,Benson Boone,Rock,2024,0,Kelly Clarkson,no,,,no,qBnlc14GVFY,https://www.youtube.com/watch?v=qBnlc14GVFY,KC Videos archive,Kellyoke | Beautiful Things (Benson Boone),102000,127
2024-06-12,5,859,157,Island,Tony K,Hip hop,,,Kelly Clarkson,no,,,no,2Um6EJGFF9Q,https://www.youtube.com/watch?v=2Um6EJGFF9Q,KC Videos archive,Kellyoke | Island (Tony K),2400,89
2024-06-13,5,860,158,Have Mercy,The Judds,Country,1985,39,Kelly Clarkson,no,,,no,0QSljgIYluc,https://www.youtube.com/watch?v=0QSljgIYluc,KC Videos archive,Kellyoke | Have Mercy (The Judds),5000,109
2024-06-17,5,861,159,At Your Worst,Calum Scott,Pop,,,Kelly Clarkson,no,,,no,_krqUjo1gl8,https://www.youtube.com/watch?v=_krqUjo1gl8,Xavier Del Cid archive,Kelly Clarkson Covers 'At Your Worst' By Calum Scott l  Kellyoke,4200,120
2024-06-18,5,862,160,Tin Man,Miranda Lambert,Country,2017,7,Kelly Clarkson,no,,,no,Ll9gDMD12mI,https://www.youtube.com/watch?v=Ll9gDMD12mI,KC Videos archive,Kellyoke | Tin Man (Miranda Lambert),19000,141
2024-06-19,5,863,161,Trouble Blues,Sam Cooke,R&B / Soul,,,Kelly Clarkson,no,,,no,RMhTh9RBtQg,https://www.youtube.com/watch?v=RMhTh9RBtQg,KC Videos archive,Kellyoke | Trouble Blues (Sam Cooke),13000,133
2024-06-20,5,864,162,You're Still the One,Shania Twain,Country,1998,26,Kelly Clarkson,no,,,no,H8LmP5uttFE,https://www.youtube.com/watch?v=H8LmP5uttFE,KC Videos archive,Kellyoke | You're Still the One (Shania Twain),8300,125
2024-06-21,5,865,163,Flowers,Miley Cyrus,Electronic,2023,1,Kelly Clarkson,no,,,no,UxjTmsFpGoA,https://www.youtube.com/watch?v=UxjTmsFpGoA,KC Videos archive,Kellyoke | Flowers (Miley Cyrus),7300,110
2024-06-24,5,866,164,Sold,John Michael Montgomery,Country,1995,29,Kelly Clarkson,no,,,no,rkmmESZ1bZc,https://www.youtube.com/watch?v=rkmmESZ1bZc,KC Videos archive,Kellyoke | Sold (John Michael Montgomery),4500,105
2024-06-25,5,867,165,Bird Set Free,Sia,Pop,2015,9,Kelly Clarkson,no,,,no,_nYNcFLcWWg,https://www.youtube.com/watch?v=_nYNcFLcWWg,KC Videos archive,Kellyoke | Bird Set Free (Sia),5100,118
2024-06-26,5,868,166,One More Night,Phil Collins,Rock,1985,39,Kelly Clarkson,no,,,no,rKsiFv7s5i0,https://www.youtube.com/watch?v=rKsiFv7s5i0,The Kelly Clarkson Show (official),'One More Night' By Phil Collins | Kelly Clarkson Cover | Kellyoke,183000,112
2024-06-27,5,869,167,All Night Parking Interlude,Adele,Pop,,,Kelly Clarkson,no,,,no,FUbFgF-fifc,https://www.youtube.com/watch?v=FUbFgF-fifc,KC Videos archive,Kellyoke | All Night Parking interlude (Adele),2000,98
2024-07-08,5,870,168,Wild,John Legend feat. Gary Clark Jr,R&B / Soul,,,Kelly Clarkson,no,,,no,WDR5RxrHkKQ,https://www.youtube.com/watch?v=WDR5RxrHkKQ,KC Videos archive,Kellyoke | Wild (John Legend),3600,126
2024-07-09,5,871,169,Tossed Salad and Scrambled Eggs,Kelsey Grammer,,,,Kelly Clarkson,no,,,no,sWgKsv7gLq0,https://www.youtube.com/watch?v=sWgKsv7gLq0,Weekly recap,,,
2024-07-10,5,872,170,Angel,Aerosmith,Metal,1988,36,Kelly Clarkson,no,,,no,ASyr961CoQQ,https://www.youtube.com/watch?v=ASyr961CoQQ,KC Videos archive,Kellyoke | Angel (Aerosmith),24000,126
2024-07-11,5,873,171,Babylon,David Gray,Rock,1999,25,Kelly Clarkson,no,,,no,aapQuEiRzto,https://www.youtube.com/watch?v=aapQuEiRzto,KC Videos archive,Kellyoke | Babylon (David Gray),3200,115
2024-07-15,5,874,172,Good Vibrations,Marky Mark and The Funky Bunch,Hip hop,1991,33,Kelly Clarkson,no,,,no,j_YbgWHWXqo,https://www.youtube.com/watch?v=j_YbgWHWXqo,KC Videos archive,Kellyoke | Good Vibrations (Marky Mark and the Funky Bunch),3800,111
2024-07-16,5,875,173,I Left My Heart in San Francisco,Tony Bennett,Pop,1962,62,Kelly Clarkson,no,,,no,nnmsJR0HPuc,https://www.youtube.com/watch?v=nnmsJR0HPuc,KC Videos archive,Kellyoke | I Left My Heart in San Francisco (Tony Bennett),2300,113
2024-07-17,5,876,174,Baby Baby,Amy Grant,Rock,1991,33,Kelly Clarkson,no,,,no,UMeAvxhN-8s,https://www.youtube.com/watch?v=UMeAvxhN-8s,KC Videos archive,Kellyoke | Baby Baby (Amy Grant),6300,126
2024-07-18,5,877,175,Nothing Matters,The Last Dinner Party,Pop,2023,1,Kelly Clarkson,no,,,no,LgplBL6817o,https://www.youtube.com/watch?v=LgplBL6817o,KC Videos archive,Kellyoke | Nothing Matters (The Last Dinner Party),17000,121
2024-07-22,5,878,176,She's on My Mind,Romy,Pop,2023,1,Kelly Clarkson,no,,,no,R7XM9XORL3Y,https://www.youtube.com/watch?v=R7XM9XORL3Y,KC Videos archive,Kellyoke | She's On My Mind (Romy),4000,106
2024-07-23,5,879,177,Running with the Wolves,Aurora,Pop,2015,9,Kelly Clarkson,no,,,no,X31_KUEa5Hw,https://www.youtube.com/watch?v=X31_KUEa5Hw,KC Videos archive,Kellyoke | Running with the Wolves (Aurora),5900,116
2024-07-24,5,880,178,Invincible,Kelly Clarkson,Pop,2015,9,Kelly Clarkson,no,,,no,uMBwMiDiB70,https://www.youtube.com/watch?v=uMBwMiDiB70,KC Videos archive,Kellyoke (Classic) | Invincible,5000,131
2024-07-25,5,881,179,Blown Away,Carrie Underwood,Country,2012,12,Kelly Clarkson,no,,,no,-zsZzYcvj5k,https://www.youtube.com/watch?v=-zsZzYcvj5k,KC Videos archive,Kellyoke | Blown Away (Carrie Underwood),4300,116
2024-08-12,5,882,180,Stronger (What Doesn't Kill You),Kelly Clarkson,Pop,2012,12,Kelly Clarkson,no,Billy Porter,,no,mxiNJXHkQHE,https://www.youtube.com/watch?v=mxiNJXHkQHE,Courtney O'shea archive,Kellyoke | Stronger [With Billy Porter],1300,131
2024-09-23,6,883,1,Dance With Me,,Pop,,,Kelly Clarkson,no,,,no,ZoxDNzdNbsI,https://www.youtube.com/watch?v=ZoxDNzdNbsI,KC Videos archive,Kellyoke | Kelly Dance Medley ft. Kid Capri,3400,207
2024-09-23,6,883,1,Favorite Kind of High,,Pop,2023,1,Kelly Clarkson,no,,,no,ZoxDNzdNbsI,https://www.youtube.com/watch?v=ZoxDNzdNbsI,KC Videos archive,Kellyoke | Kelly Dance Medley ft. Kid Capri,3400,207
2024-09-23,6,883,1,People Like Us,,Pop,,,Kelly Clarkson,no,,,no,ZoxDNzdNbsI,https://www.youtube.com/watch?v=ZoxDNzdNbsI,KC Videos archive,Kellyoke | Kelly Dance Medley ft. Kid Capri,3400,207
2024-09-23,6,883,1,Stronger (What Doesn't Kill You),Kelly Clarkson,Pop,2012,12,Kelly Clarkson,no,,,no,ZoxDNzdNbsI,https://www.youtube.com/watch?v=ZoxDNzdNbsI,KC Videos archive,Kellyoke | Kelly Dance Medley ft. Kid Capri,3400,207
2024-09-24,6,884,2,No Man's Land,Miranda Lambert,Country,,,Kelly Clarkson,no,Miranda Lambert,,no,DGG36JT8OHc,https://www.youtube.com/watch?v=DGG36JT8OHc,KC Videos archive,Kellyoke | No Man's Land [with Miranda Lambert] (Miranda Lambert),2500,170
2024-09-25,6,885,3,Coffee,Chappell Roan,Pop,,,Kelly Clarkson,no,,,no,NL6SRTrIDeQ,https://www.youtube.com/watch?v=NL6SRTrIDeQ,KC Videos archive,Kellyoke | Coffee (Chappell Roan),2100,108
2024-09-26,6,886,4,Messed Up As Me,Keith Urban,Country,,,Keith Urban,yes,,,no,,,,,,
2024-09-27,6,887,5,My Heart Will Go On,Celine Dion,Pop,1997,27,Kelly Clarkson,no,,,no,sgNjFRP1Hjg,https://www.youtube.com/watch?v=sgNjFRP1Hjg,KC Videos archive,Kellyoke | My Heart Will Go On (Celine Dion),5900,134
2024-09-30,6,888,6,Blues in the Night,Eva Cassidy,Jazz / Blues,,,Kelly Clarkson,no,,,no,TZ-7JiKEUzk,https://www.youtube.com/watch?v=TZ-7JiKEUzk,KC Videos archive,Kellyoke | Blues In The Night (Eva Cassidy),2000,118
2024-10-01,6,889,7,"Lovin', Touchin', Squeezin'",Journey,Rock,1979,45,Kelly Clarkson,no,,,no,ytpnQsNTVPE,https://www.youtube.com/watch?v=ytpnQsNTVPE,Xavier Del Cid archive,"Kelly Clarkson Cover Michael Bublé  - 'Lovin , Touchin  Squeezin ' l Kellyoke",395,201
2024-10-02,6,890,8,What Was I Made For?,Billie Eilish,Pop,2023,1,Kelly Clarkson,no,,,no,IfhCnxN6c5M,https://www.youtube.com/watch?v=IfhCnxN6c5M,KC Videos archive,Kellyoke | What Was I Made For (Billie Eilish),12000,126
2024-10-03,6,891,9,Ain't Nobody,Chaka Khan,R&B / Soul,1983,41,Kelly Clarkson,no,,,no,OshioKEUELM,https://www.youtube.com/watch?v=OshioKEUELM,KC Videos archive,Kellyoke | Ain't Nobody (Chaka Khan),12000,112
2024-10-04,6,892,10,New Attitude,Patti LaBelle,Rock,1984,40,Kelly Clarkson,no,,,no,_ztP-twLN3E,https://www.youtube.com/watch?v=_ztP-twLN3E,Courtney O'shea archive,Kellyoke | New Attitude [ft. Paul Shaffer] (Patti LaBelle),611,137
2024-10-07,6,893,11,The Middle,Zedd,Pop,2018,6,Kelly Clarkson,no,,,no,GDAvteFOJ14,https://www.youtube.com/watch?v=GDAvteFOJ14,KC Videos archive,"Kellyoke | The Middle (Zedd, Maren Morris & Grey)",3600,103
2024-10-08,6,894,12,Building a Mystery,Sarah McLachlan,Pop,1997,27,Kelly Clarkson,no,,,no,2x4nPJnAOJU,https://www.youtube.com/watch?v=2x4nPJnAOJU,KC Videos archive,Kellyoke | Building A Mystery (Sarah McLachlan),2700,113
2024-10-09,6,895,13,Eras of Us,Fletcher,Pop,,,Kelly Clarkson,no,,,no,RdRxKC1l17o,https://www.youtube.com/watch?v=RdRxKC1l17o,KC Videos archive,Kellyoke | Eras Of Us (FLETCHER),9800,121
2024-10-10,6,896,14,The Promise,When in Rome,Rock,1987,37,Kelly Clarkson,no,,,no,aHs-U7lgojI,https://www.youtube.com/watch?v=aHs-U7lgojI,KC Videos archive,Kellyoke | The Promise (When In Rome),3800,122
2024-10-11,6,897,15,My Kink Is Karma,Chappell Roan,Pop,2022,2,Kelly Clarkson,no,,,no,MMvGr0MmqE0,https://www.youtube.com/watch?v=MMvGr0MmqE0,KC Videos archive,Kellyoke | My Kink Is Karma (Chappell Roan),3200,126
2024-10-14,6,898,16,Maybe I'm Amazed,Paul McCartney and Wings,Rock,1970,54,Gavin DeGraw,yes,,,no,,,,,,
2024-10-15,6,899,17,Breakup Over Breakfast,Avery Anna,Country,,,Kelly Clarkson,no,,,no,ndgsxeo3AzU,https://www.youtube.com/watch?v=ndgsxeo3AzU,KC Videos archive,Kellyoke | Breakup Over Breakfast (Avery Anna),2500,121
2024-10-16,6,900,18,I Am Not Okay,Jelly Roll,Country,2024,0,Kelly Clarkson,no,Jelly Roll,,no,DSFFbL0vQPw,https://www.youtube.com/watch?v=DSFFbL0vQPw,KC Videos archive,Kellyoke | I'm Not Okay [with Jelly Roll] (Jelly Roll),3500,150
2024-10-17,6,901,19,Slow It Down,Benson Boone,Rock,2024,0,Kelly Clarkson,no,,,no,MZPXtoi9_GE,https://www.youtube.com/watch?v=MZPXtoi9_GE,KC Videos archive,Kellyoke | Slow It Down (Benson Boone),2800,134
2024-10-18,6,902,20,All My Love,Coldplay,Rock,2024,0,Kelly Clarkson,no,Chris Martin,,no,Gjr2oVOaaec,https://www.youtube.com/watch?v=Gjr2oVOaaec,KC Videos archive,Kellyoke | All My Love [with Chris Martin] (Coldplay),1500,192
2024-10-21,6,903,21,That's Life,Marion Montgomery,Pop,1963,61,Kelly Clarkson,no,,,no,fcEWhWbp84s,https://www.youtube.com/watch?v=fcEWhWbp84s,KC Videos archive,Kellyoke | That's Life (Frank Sinatra),3200,130
2024-10-22,6,904,22,All the Stars,Kendrick Lamar & SZA,Hip hop,2018,6,Kelly Clarkson,no,,,no,JNZ4tomXpOY,https://www.youtube.com/watch?v=JNZ4tomXpOY,Xavier Del Cid archive,Kelly Clarkson Covers 'All The Stars ' Kendrick Lamar & SZA By l Kellyoke,201,167
2024-10-23,6,905,23,When My Fingers Find Your Strings,Jeff Daniels,,,,Kelly Clarkson,no,,,no,grWbFxC5Y0M,https://www.youtube.com/watch?v=grWbFxC5Y0M,KC Videos archive,Kellyoke | When My Fingers Find Your Strings (Jeff Bridges),2600,178
2024-10-24,6,906,24,Sweet Music Man,Kenny Rogers,Country,1977,47,Kelly Clarkson,no,,,no,L-nIRnNJw8w,https://www.youtube.com/watch?v=L-nIRnNJw8w,KC Videos archive,Kellyoke | Sweet Music Man (Kenny Rogers),1800,108
2024-10-25,6,907,25,Ain't That Lonely Yet,Dwight Yoakam,Country,1993,31,Kelly Clarkson,no,,,no,NlkOZgaRlEk,https://www.youtube.com/watch?v=NlkOZgaRlEk,KC Videos archive,Kellyoke | Ain't That Lonely Yet (Dwight Yoakam),2300,94
2024-10-28,6,908,26,Come Together,The Beatles,Rock,1969,55,Kelly Clarkson,no,,,no,X9fIc_j98Y0,https://www.youtube.com/watch?v=X9fIc_j98Y0,KC Videos archive,Kellyoke | Come Together (The Beatles),12000,122
2024-10-29,6,909,27,I Will Wait,Mumford & Sons,Folk,2012,12,Kelly Clarkson,no,,,no,_XmirZfaJBE,https://www.youtube.com/watch?v=_XmirZfaJBE,KC Videos archive,Kellyoke | I Will Wait (Mumford & Sons),9900,128
2024-10-30,6,910,28,It's Just Raining,Avery Anna,Country,,,Kelly Clarkson,no,,,no,-ojwJCWq0oo,https://www.youtube.com/watch?v=-ojwJCWq0oo,KC Videos archive,Kellyoke | it's just rainin' (Avery Anna),5900,129
2024-10-31,6,911,29,Day-O (The Banana Boat Song),Harry Belafonte,World,1956,68,Kelly Clarkson,no,,,no,h6gxn1gc91A,https://www.youtube.com/watch?v=h6gxn1gc91A,KC Videos archive,Kellyoke | Banana Boat (Day-O) (Harry Belefante),2800,139
2024-11-01,6,912,30,Is This Love,Bob Marley and the Wailers,Reggae,1978,46,Allen Stone,yes,,,no,,,,,,
2024-11-04,6,913,31,All of Me,,Jazz / Blues,,,Kelly Clarkson,no,,,no,nnBxb39OnrQ,https://www.youtube.com/watch?v=nnBxb39OnrQ,KC Videos archive,Kellyoke | All of Me (Billie Holiday),2300,133
2024-11-07,6,914,32,You Lie,Cee Cee Chapman,Country,1988,36,Kelly Clarkson,no,,Reba McEntire version,no,SIACfaI4k9Y,https://www.youtube.com/watch?v=SIACfaI4k9Y,KC Videos archive,Kellyoke | You Lie (Reba McEntire),8600,130
2024-11-08,6,915,33,Roll Me Up and Smoke Me When I Die,Willie Nelson feat. Snoop Dogg,Country,2012,12,Kelly Clarkson,no,,,no,SbgXv1MOkNs,https://www.youtube.com/watch?v=SbgXv1MOkNs,KC Videos archive,Kellyoke | Roll Me Up and Smoke Me When I Die (Willie Nelson),1900,90
2024-11-11,6,916,34,The Promise,When in Rome,Rock,1987,37,Kelly Clarkson,no,,,no,aHs-U7lgojI,https://www.youtube.com/watch?v=aHs-U7lgojI,KC Videos archive,Kellyoke | The Promise (When In Rome),3800,122
2024-11-12,6,917,35,Walk Like an Egyptian,The Bangles,Rock,1986,38,Kelly Clarkson,no,,,no,mCfdKg-q_2U,https://www.youtube.com/watch?v=mCfdKg-q_2U,KC Videos archive,Kellyoke | Walk Like an Egyptian (The Bangles),4400,133
2024-11-13,6,918,36,Please Please Please,Sabrina Carpenter,Rock,2024,0,Kelly Clarkson,no,,,no,q1K953XspjY,https://www.youtube.com/watch?v=q1K953XspjY,KC Videos archive,Kellyoke | Please Please Please (Sabrina Carpenter),3700,144
2024-11-14,6,919,37,Always Remember Us This Way,Lady Gaga,Country,2019,5,Kelly Clarkson,no,,,no,SKnd3raIU8g,https://www.youtube.com/watch?v=SKnd3raIU8g,KC Videos archive,Kellyoke | Always Remember Us This Way (Lady Gaga),4900,121
2024-11-15,6,920,38,What's Left of Me,Grace VanderWaal,Pop,,,Kelly Clarkson,no,,,no,C_9FwJoPJDg,https://www.youtube.com/watch?v=C_9FwJoPJDg,KC Videos archive,Kellyoke | What's Left Of Me (Grace VanderWaal),5500,121
2024-11-18,6,921,39,I Will Always Love You,Dolly Parton,Country,1974,50,Kristin Chenoweth,yes,,,no,,,,,,
2024-11-19,6,922,40,If I Only Had a Brain,,Musical theatre,,,Kelly Clarkson,no,,,no,U3kXgrCDg-g,https://www.youtube.com/watch?v=U3kXgrCDg-g,KC Videos archive,Kellyoke | If I Only Had a Brain (Wizard of Oz),2700,113
2024-11-20,6,923,41,All By Myself,Eric Carmen,Rock,1975,49,Kelly Clarkson,no,,Celine Dion version,no,wfJRMSFvpgI,https://www.youtube.com/watch?v=wfJRMSFvpgI,KC Videos archive,Kellyoke | All by Myself (Celine Dion),6800,126
2024-11-21,6,924,42,Ain't No Love in Oklahoma,Luke Combs,Country,2024,0,Kelly Clarkson,no,,,no,8l6uLUA3v7g,https://www.youtube.com/watch?v=8l6uLUA3v7g,KC Videos archive,Kellyoke | Ain't No Love In Oklahoma (Luke Combs),5100,119
2024-11-22,6,925,43,Laredo,Leon Bridges,Country,2024,0,Kelly Clarkson,no,,,no,7nCZVX4V7Jw,https://www.youtube.com/watch?v=7nCZVX4V7Jw,KC Videos archive,Kellyoke | Laredo (Leon Bridges),9200,135
2024-11-25,6,926,44,Pink Pony Club,Chappell Roan,Pop,2020,4,Kelly Clarkson,no,,,no,5ODgGbEw-rs,https://www.youtube.com/watch?v=5ODgGbEw-rs,KC Videos archive,Kellyoke | Pink Pony Club (Chappell Roan),6300,146
2024-11-26,6,927,45,Lavender Haze,Taylor Swift,Pop,2022,2,Kelly Clarkson,no,,,no,pMO9U3rgEDM,https://www.youtube.com/watch?v=pMO9U3rgEDM,KC Videos archive,Kellyoke | Lavender Haze (Taylor Swift),2700,118
2024-11-27,6,928,46,The Sun Will Rise,Kelly Clarkson,Rock,2011,13,Kelly Clarkson,no,,,no,sTEp1EmvaCw,https://www.youtube.com/watch?v=sTEp1EmvaCw,KC Videos archive,Kellyoke (Classic) | The Sun Will Rise (Kelly Clarkson),2100,109
2024-12-02,6,929,47,Don't You Wanna Stay,Jason Aldean & Kelly Clarkson,Country,2010,14,Kelly Clarkson,no,,,no,7Jf12_9frDE,https://www.youtube.com/watch?v=7Jf12_9frDE,The Kelly Clarkson Show (official),'Don't You Wanna Stay' by Jason Aldean & Kelly Clarkson | Kellyoke Classic,288000,174
2024-12-03,6,930,48,All the Stars,Kendrick Lamar & SZA,Hip hop,2018,6,Kelly Clarkson,no,,,no,JNZ4tomXpOY,https://www.youtube.com/watch?v=JNZ4tomXpOY,Xavier Del Cid archive,Kelly Clarkson Covers 'All The Stars ' Kendrick Lamar & SZA By l Kellyoke,201,167
2024-12-04,6,931,49,Not That I Care,Willie Nelson,Country,,,Kelly Clarkson,no,,,no,YgusMYOkkMc,https://www.youtube.com/watch?v=YgusMYOkkMc,KC Videos archive,Kellyoke | Not That I Care (Willie Nelson),2600,110
2024-12-05,6,932,50,Steppin'n On Me,Fitz and The Tantrums,Pop,,,Kelly Clarkson,no,,,no,WzxsbHr_sUM,https://www.youtube.com/watch?v=WzxsbHr_sUM,KC Videos archive,Kellyoke | Steppin' On Me (Fitz and the Tantrums),2800,123
2024-12-06,6,933,51,Moves,Suki Waterhouse,Pop,,,Kelly Clarkson,no,,,no,qRnflbhgCQk,https://www.youtube.com/watch?v=qRnflbhgCQk,KC Videos archive,Kellyoke | Moves (Suki Waterhouse),4200,132
2024-12-09,6,934,52,Have Yourself a Merry Little Christmas,Judy Garland,Christmas,1995,29,Kelly Clarkson,no,,,no,p06WUBnqoVo,https://www.youtube.com/watch?v=p06WUBnqoVo,KC Videos archive,Kellyoke | Have Yourself A Merry Little Christmas,1100,100
2024-12-10,6,935,53,Underneath the Tree,Kelly Clarkson,Pop,2013,11,Kelly Clarkson,no,,,no,7fWNFldDl6A,https://www.youtube.com/watch?v=7fWNFldDl6A,KC Videos archive,Kellyoke | Underneath the Tree,3100,137
2024-12-11,6,936,54,Sleigh Ride,Kelly Clarkson,Classical,1963,61,Kelly Clarkson,no,,,no,-M27s0Hsxmo,https://www.youtube.com/watch?v=-M27s0Hsxmo,KC Videos archive,Kellyoke | Sleigh Ride (The Ronettes),1400,133
2024-12-12,6,937,55,You for Christmas,Kelly Clarkson,Pop,2024,0,Kelly Clarkson,no,,,no,-aJdGRdiw1Q,https://www.youtube.com/watch?v=-aJdGRdiw1Q,KC Videos archive,Kellyoke | You For Christmas (Kelly Clarkson),1400,170
2024-12-13,6,938,56,Run Rudolph Run,Chuck Berry,Christmas,1958,66,Kelly Clarkson,no,,,no,5Q7ZLBUdvhc,https://www.youtube.com/watch?v=5Q7ZLBUdvhc,KC Videos archive,Kellyoke | Run Run Rudolph (Chuck Berry),1800,133
2024-12-16,6,939,57,Do You Hear What I Hear?,Harry Simeone Chorale,,,,Clay Aiken,yes,,,no,,,,,,
2024-12-17,6,940,58,Sweet December,Brett Eldredge & Kelly Clarkson,Pop,,,Kelly Clarkson,no,Brett Eldredge,,no,fkdqxtIenXA,https://www.youtube.com/watch?v=fkdqxtIenXA,KC Videos archive,Kellyoke | Sweet December [with Brett Eldredge] (Brett Eldredge & Kelly Clarkson),1400,173
2024-12-18,6,941,59,Christmas Eve,Kelly Clarkson,Pop,2017,7,Kelly Clarkson,no,,,no,eboc8bRf1Wg,https://www.youtube.com/watch?v=eboc8bRf1Wg,KC Videos archive,Kellyoke | Christmas Eve (Kelly Clarkson),764,107
2024-12-19,6,942,60,White Christmas,Jonathan McReynolds,Pop,1942,82,Jonathan McReynolds,yes,,,no,,,,,,
2024-12-20,6,943,61,"Santa, Can't You Hear Me",Kelly Clarkson & Ariana Grande,Pop,2022,2,Kelly Clarkson,no,,,no,9yQMzrUVxBs,https://www.youtube.com/watch?v=9yQMzrUVxBs,KC Videos archive,"Kellyoke |  Santa, Can't You Hear Me (Ariana Grande & Kelly Clarkson)",1100,128
2025-01-06,6,944,62,Dancing on Glass,St. Lucia,Electronic,,,Kelly Clarkson,no,,,no,Me_l_Edgvsc,https://www.youtube.com/watch?v=Me_l_Edgvsc,KC Videos archive,Kellyoke | Dancing On Glass (St  Lucia),3400,124
2025-01-07,6,945,63,Too Sweet,Hozier,R&B / Soul,2024,1,Kelly Clarkson,no,,,no,Ju6wRvUliNo,https://www.youtube.com/watch?v=Ju6wRvUliNo,KC Videos archive,Kellyoke | Too Sweet (Hozier),5300,135
2025-01-08,6,946,64,Sick,Dominic Fike,Rock,2023,2,Kelly Clarkson,no,,,no,ChodmgCl6qs,https://www.youtube.com/watch?v=ChodmgCl6qs,KC Videos archive,Kellyoke | Sick (Dominic Fike),1500,103
2025-01-09,6,947,65,Eras of Us,Fletcher,Pop,,,Kelly Clarkson,no,,,no,RdRxKC1l17o,https://www.youtube.com/watch?v=RdRxKC1l17o,KC Videos archive,Kellyoke | Eras Of Us (FLETCHER),9800,121
2025-01-10,6,948,66,Stranger in My House,Tamia,R&B / Soul,2000,25,Kelly Clarkson,no,,,no,LLD25bSgRDw,https://www.youtube.com/watch?v=LLD25bSgRDw,KC Videos archive,Kellyoke | Stranger in My House (Tamia),11000,131
2025-01-13,6,949,67,Hear Me,Kelly Clarkson,Rock,2004,21,Kelly Clarkson,no,Vox Realis,,no,RiiQDoZB_KA,https://www.youtube.com/watch?v=RiiQDoZB_KA,KC Videos archive,Kellyoke (Classic) | Hear Me (Kelly Clarkson),2700,152
2025-01-14,6,950,68,Love Out of Lust,Lykke Li,Pop,,,Kelly Clarkson,no,,,no,hIizPXOW09Q,https://www.youtube.com/watch?v=hIizPXOW09Q,KC Videos archive,Kellyoke | Love Out of Lust (Lykke Li),2200,137
2025-01-15,6,951,69,Blue Ain't Your Color,Keith Urban,Country,2016,9,Kelly Clarkson,no,,,no,pJ5X8O-3Zs4,https://www.youtube.com/watch?v=pJ5X8O-3Zs4,KC Videos archive,Kellyoke | Blue Ain't Your Color (Keith Urban),2700,127
2025-01-16,6,952,70,Red Wine Supernova,Chappell Roan,Pop,2023,2,Kelly Clarkson,no,,,no,FcyQXV1Csgs,https://www.youtube.com/watch?v=FcyQXV1Csgs,KC Videos archive,Kellyoke | Red Wine Supernova (Chappell Roan),2800,116
2025-01-17,6,953,71,Slow It Down,Benson Boone,Rock,2024,1,Kelly Clarkson,no,,,no,MZPXtoi9_GE,https://www.youtube.com/watch?v=MZPXtoi9_GE,KC Videos archive,Kellyoke | Slow It Down (Benson Boone),2800,134
2025-01-21,6,954,72,Just Can't Get Enough,Depeche Mode,Pop,1981,44,Kelly Clarkson,no,,,no,qpS4e4-frMw,https://www.youtube.com/watch?v=qpS4e4-frMw,KC Videos archive,Kellyoke | Just Can't Get Enough (Depeche Mode),6200,127
2025-01-22,6,955,73,Doesn't Do Me Any Good,Stephen Sanchez,Rock,2023,2,Kelly Clarkson,no,,,no,URnKAUexcqg,https://www.youtube.com/watch?v=URnKAUexcqg,KC Videos archive,Kellyoke | Doesn't Do Me Any Good (Stephen Sanchez),8900,139
2025-01-23,6,956,74,Kiss Me,Sixpence None the Richer,Pop,1998,27,Kelly Clarkson,no,,,no,6oMTy_4S-8o,https://www.youtube.com/watch?v=6oMTy_4S-8o,KC Videos archive,Kellyoke | Kiss Me (Sixpence None The Richer),5300,119
2025-01-24,6,957,75,Saturday in the Park,Chicago,Rock,1972,53,Chicago,yes,,,no,,,,,,
2025-01-27,6,958,76,Better Be Tough,Ella Langley,Country,,,Kelly Clarkson,no,,,no,B8M5fuQ-GIg,https://www.youtube.com/watch?v=B8M5fuQ-GIg,KC Videos archive,Kellyoke | better be tough (Ella Langley),3500,120
2025-01-28,6,959,77,Breakup Over Breakfast,Avery Anna,Country,,,Kelly Clarkson,no,,,no,ndgsxeo3AzU,https://www.youtube.com/watch?v=ndgsxeo3AzU,KC Videos archive,Kellyoke | Breakup Over Breakfast (Avery Anna),2500,121
2025-01-29,6,960,78,Birds of a Feather,Billie Eilish,Pop,2024,1,Kelly Clarkson,no,,,no,L3MjVkdVLI0,https://www.youtube.com/watch?v=L3MjVkdVLI0,KC Videos archive,Kellyoke | BIRDS OF A FEATHER (Billie Eilish),5200,122
2025-01-30,6,961,79,More Than Words,Extreme,Rock,1991,34,Kelly Clarkson,no,,,no,etk3xnaY2LI,https://www.youtube.com/watch?v=etk3xnaY2LI,KC Videos archive,Kellyoke | More Than Words (Extreme),15000,118
2025-01-31,6,962,80,A Lot More Free,Max McNown,Country,,,Kelly Clarkson,no,,,no,vn978aGv_2M,https://www.youtube.com/watch?v=vn978aGv_2M,The Kelly Clarkson Show (official),'A Lot More Free' By Max McNown | Kelly Clarkson Kellyoke Cover,141000,160
2025-02-03,6,963,81,Flagpole Sitta,Harvey Danger,Pop,1998,27,Kelly Clarkson,no,,,no,uk4UCfQZPq0,https://www.youtube.com/watch?v=uk4UCfQZPq0,KC Videos archive,Kellyoke | Flagpole Sitta (Harvey Danger),3400,141
2025-02-04,6,964,82,I Will (When You Do),Avery Anna feat. Dylan Marlowe,Country,,,Kelly Clarkson,no,,,no,ZzAVho4TjoY,https://www.youtube.com/watch?v=ZzAVho4TjoY,KC Videos archive,Kellyoke | I Will (When You Do) (Avery Anna),6800,124
2025-02-05,6,965,83,Slow Dance,Kelly Clarkson,Pop,2017,8,Kelly Clarkson,no,,,no,zu5RD7ChXOU,https://www.youtube.com/watch?v=zu5RD7ChXOU,KC Videos archive,Kellyoke (Classic) | Slow Dance (Kelly Clarkson),2500,121
2025-02-06,6,966,84,The War Is Over,Kelly Clarkson,Pop,,,Kelly Clarkson,no,,,no,UHaMBaaOV5A,https://www.youtube.com/watch?v=UHaMBaaOV5A,KC Videos archive,Kellyoke (Classic) | The War Is Over (Kelly Clarkson),3300,139
2025-02-07,6,967,85,A Long December,Counting Crows,Rock,1996,29,Kelly Clarkson,no,,,no,CZatgcyWRyo,https://www.youtube.com/watch?v=CZatgcyWRyo,KC Videos archive,Kellyoke | A Long December (Counting Crows),1500,109
2025-02-10,6,968,86,Broken & Beautiful,Kelly Clarkson,Pop,2019,6,Kelly Clarkson,no,,,no,j13IpXhmvIA,https://www.youtube.com/watch?v=j13IpXhmvIA,KC Videos archive,Kellyoke (Classic) | Broken & Beautiful (Kelly Clarkson),3100,132
2025-02-11,6,969,87,You Can't Win,Kelly Clarkson,Rock,2011,14,Kelly Clarkson,no,,,no,IYhM_YpLsOs,https://www.youtube.com/watch?v=IYhM_YpLsOs,KC Videos archive,Kellyoke (Classic) | You Can't Win (Kelly Clarkson),1600,141
2025-02-12,6,970,88,Worst Way,Riley Green,Country,,,Kelly Clarkson,no,,,no,-U4Aat61QAM,https://www.youtube.com/watch?v=-U4Aat61QAM,KC Videos archive,Kellyoke | Worst Way (Riley Green),2600,121
2025-02-13,6,971,89,Another Love,Tom Odell,Pop,2012,13,Kelly Clarkson,no,,,no,ywI6N2eRI4A,https://www.youtube.com/watch?v=ywI6N2eRI4A,KC Videos archive,Kellyoke | Another Love (Tom O'Dell),58000,127
2025-02-14,6,972,90,Your Love,The Outfield,Rock,1986,39,Kelly Clarkson,no,,,no,qX1FPbMx0uE,https://www.youtube.com/watch?v=qX1FPbMx0uE,KC Videos archive,Kellyoke | Your Love (The Outfield),8300,126
2025-02-17,6,973,91,Heat,Kelly Clarkson,R&B / Soul,2018,7,Kelly Clarkson,no,,,no,gWG7Lj6QweA,https://www.youtube.com/watch?v=gWG7Lj6QweA,KC Videos archive,Kellyoke (Classic) | Heat (Kelly Clarkson),3100,126
2025-02-18,6,974,92,"I Lied, I'm Sorry",Chloe Qisha,Pop,,,Kelly Clarkson,no,,,no,RBvPHW0WJ7I,https://www.youtube.com/watch?v=RBvPHW0WJ7I,Xavier Del Cid archive,"Kelly Clarkson Covers 'I Lied, I'm Sorry' By Chloe Qisha l Kellyoke",23,115
2025-02-19,6,975,93,Alright,Supergrass,Rock,1995,30,Kelly Clarkson,no,,,no,LZdYlNSBWBI,https://www.youtube.com/watch?v=LZdYlNSBWBI,KC Videos archive,Kellyoke | Alright (Supergrass),2000,100
2025-02-20,6,976,94,Miss Me Too,Griff,R&B / Soul,,,Kelly Clarkson,no,,,no,BQFhGGc1ZW0,https://www.youtube.com/watch?v=BQFhGGc1ZW0,KC Videos archive,Kellyoke | Miss Me Too (Griff),1300,103
2025-02-21,6,977,95,Did You Know,Kelly Clarkson,Pop,2023,2,Kelly Clarkson,no,,,no,3ZGeYCBqkh0,https://www.youtube.com/watch?v=3ZGeYCBqkh0,KC Videos archive,Kellyoke (Classic) | did you know (Kelly Clarkson),2200,121
2025-02-24,6,978,96,What's Up Lonely,Kelly Clarkson,Pop,,,Kelly Clarkson,no,,,no,qcV11kqcdho,https://www.youtube.com/watch?v=qcV11kqcdho,KC Videos archive,Kellyoke (Classic) | What's Up Lonely (Kelly Clarkson),2700,156
2025-02-25,6,979,97,Standing in Front of You,Kelly Clarkson,Rock,2011,14,Kelly Clarkson,no,,,no,3pu-fqvyWkc,https://www.youtube.com/watch?v=3pu-fqvyWkc,KC Videos archive,Kellyoke (Classic) | Standing in Front of You (Kelly Clarkson),2400,124
2025-02-26,6,980,98,Letting Go,Angie McMahon,,2023,2,Kelly Clarkson,no,,,no,jqLfNJjdOdc,https://www.youtube.com/watch?v=jqLfNJjdOdc,KC Videos archive,Kellyoke | Letting Go (Angie McMahon),3100,114
2025-02-27,6,981,99,Please Please Please,Sabrina Carpenter,Rock,2024,1,Kelly Clarkson,no,,,no,q1K953XspjY,https://www.youtube.com/watch?v=q1K953XspjY,KC Videos archive,Kellyoke | Please Please Please (Sabrina Carpenter),3700,144
2025-02-28,6,982,100,Steppin' On Me,Fitz & The Tantrums,,,,Kelly Clarkson,no,,,no,WzxsbHr_sUM,https://www.youtube.com/watch?v=WzxsbHr_sUM,KC Videos archive,Kellyoke | Steppin' On Me (Fitz and the Tantrums),2800,123
2025-03-03,6,983,101,Laredo,Leon Bridges,Country,2024,1,Kelly Clarkson,no,,,no,7nCZVX4V7Jw,https://www.youtube.com/watch?v=7nCZVX4V7Jw,KC Videos archive,Kellyoke | Laredo (Leon Bridges),9200,135
2025-03-04,6,984,102,Goodbye,Kelly Clarkson,Pop,2023,2,Kelly Clarkson,no,,,no,yuje46Q6aN4,https://www.youtube.com/watch?v=yuje46Q6aN4,KC Videos archive,Kellyoke (Classic) | goodbye (Kelly Clarkson),2300,132
2025-03-05,6,985,103,Moves,Suki Waterhouse,Pop,,,Kelly Clarkson,no,,,no,qRnflbhgCQk,https://www.youtube.com/watch?v=qRnflbhgCQk,KC Videos archive,Kellyoke | Moves (Suki Waterhouse),4200,132
2025-03-06,6,986,104,Pink Pony Club,Chappell Roan,Pop,2020,5,Kelly Clarkson,no,,,no,5ODgGbEw-rs,https://www.youtube.com/watch?v=5ODgGbEw-rs,KC Videos archive,Kellyoke | Pink Pony Club (Chappell Roan),6300,146
2025-03-07,6,987,105,Over the Rainbow,Judy Garland,Pop,,,Josh Groban,yes,,,no,A01VG1hT-qU,https://www.youtube.com/watch?v=A01VG1hT-qU,Xavier Del Cid archive,Josh Groban' Covers 'Over the Rainbow' By Cameo oke,69,181
2025-03-10,6,988,106,Be Thankful for What You Got,William DeVaughn,R&B / Soul,1974,51,Smokey Robinson,yes,,,no,,,,,,
2025-03-11,6,989,107,Too Sweet,Hozier,R&B / Soul,2024,1,Kelly Clarkson,no,,,no,Ju6wRvUliNo,https://www.youtube.com/watch?v=Ju6wRvUliNo,KC Videos archive,Kellyoke | Too Sweet (Hozier),5300,135
2025-03-12,6,990,108,Cry to Me,Solomon Burke,R&B / Soul,1962,63,Marc Broussard,yes,,,no,,,,,,
2025-03-13,6,991,109,Just Can't Get Enough,Depeche Mode,Pop,1981,44,Kelly Clarkson,no,,,no,qpS4e4-frMw,https://www.youtube.com/watch?v=qpS4e4-frMw,KC Videos archive,Kellyoke | Just Can't Get Enough (Depeche Mode),6200,127
2025-03-14,6,992,110,Dancing on Glass,St. Lucia,Electronic,,,Kelly Clarkson,no,,,no,Me_l_Edgvsc,https://www.youtube.com/watch?v=Me_l_Edgvsc,KC Videos archive,Kellyoke | Dancing On Glass (St  Lucia),3400,124
2025-03-17,6,993,111,Cult of Personality,Living Colour,Metal,1988,37,Corey Glover of Living Colour,yes,,,no,,,,,,
2025-03-18,6,994,112,Flames,Will Swinton,,,,Kelly Clarkson,no,,,no,FTloEQ5G26U,https://www.youtube.com/watch?v=FTloEQ5G26U,KC Videos archive,Kellyoke | Flames (Will Swinton),1700,137
2025-03-19,6,995,113,Since U Been Gone,Kelly Clarkson,Rock,2004,21,Andy Cohen,yes,,,no,Fz1NkG4lYds,https://www.youtube.com/watch?v=Fz1NkG4lYds,Xavier Del Cid archive,Andy Cohen Lip Syncs 'Since U Been Gone' Cameo oke,24,207
2025-03-20,6,996,114,I Have Nothing,Whitney Houston,Pop,1993,32,Kelly Clarkson,no,,,no,xppY50bQovI,https://www.youtube.com/watch?v=xppY50bQovI,KC Videos archive,Kellyoke | I Have Nothing (Whitney Houston),3500,142
2025-03-21,6,997,115,Hello,Kelly Clarkson,Rock,,,Kelly Clarkson,no,,,no,BKHXKN7mvIA,https://www.youtube.com/watch?v=BKHXKN7mvIA,The Kelly Clarkson Show (official),'Hello' By Kelly Clarkson | Kellyoke Classic,160000,160
2025-03-24,6,998,116,Kiss Me,Sixpence None the Richer,Pop,1998,27,Kelly Clarkson,no,,,no,6oMTy_4S-8o,https://www.youtube.com/watch?v=6oMTy_4S-8o,KC Videos archive,Kellyoke | Kiss Me (Sixpence None The Richer),5300,119
2025-03-25,6,999,117,The Angel and the Saint,Goldie Boutilier,Pop,,,Kelly Clarkson,no,,,no,twkpb1Fky8w,https://www.youtube.com/watch?v=twkpb1Fky8w,KC Videos archive,Kellyoke | The Angel And The Saint (Goldie Boutilier),1800,129
2025-03-26,6,1000,118,Dark Side,Kelly Clarkson,Pop,2012,13,Kelly Clarkson,no,,,no,HEu94jmYoUg,https://www.youtube.com/watch?v=HEu94jmYoUg,KC Videos archive,Kellyoke (Classic) | Dark Side (Kelly Clarkson),2700,151
2025-03-27,6,1001,119,Birds of a Feather,Billie Eilish,Pop,2024,1,Kelly Clarkson,no,,,no,L3MjVkdVLI0,https://www.youtube.com/watch?v=L3MjVkdVLI0,KC Videos archive,Kellyoke | BIRDS OF A FEATHER (Billie Eilish),5200,122
2025-03-31,6,1002,120,Heartbeat Song,Kelly Clarkson,Pop,2015,10,Kelly Clarkson,no,,,no,2DMxYoCwrnM,https://www.youtube.com/watch?v=2DMxYoCwrnM,KC Videos archive,Kellyoke (Classic) | Heartbeat Song (Kelly Clarkson),2500,138
2025-04-01,6,1003,121,Flagpole Sitta,Harvey Danger,Pop,1998,27,Kelly Clarkson,no,,,no,uk4UCfQZPq0,https://www.youtube.com/watch?v=uk4UCfQZPq0,KC Videos archive,Kellyoke | Flagpole Sitta (Harvey Danger),3400,141
2025-04-02,6,1004,122,Uptown Girl,Billy Joel,R&B / Soul,1983,42,Kelly Clarkson,no,,,no,jqR9qeTEfFw,https://www.youtube.com/watch?v=jqR9qeTEfFw,KC Videos archive,Kellyoke | Uptown Girl (Billy Joel),3300,96
2025-04-03,6,1005,123,Learn to Fly,Foo Fighters,Rock,1999,26,Kelly Clarkson,no,,,no,DgolyDIvhZ4,https://www.youtube.com/watch?v=DgolyDIvhZ4,KC Videos archive,Kellyoke | Learn To Fly (Foo Fighters),2100,119
2025-04-04,6,1006,124,She's So High,Tal Bachman,Pop,1999,26,Kelly Clarkson,no,,,no,FjMoMhlKd60,https://www.youtube.com/watch?v=FjMoMhlKd60,KC Videos archive,Kellyoke | She's So High (Tal Bachman),3600,136
2025-04-07,6,1007,125,Worth It,Raye,Electronic,2023,2,Kelly Clarkson,no,,,no,eJ-a62gl0yA,https://www.youtube.com/watch?v=eJ-a62gl0yA,KC Videos archive,Kellyoke | Worth It. (RAYE),1900,134
2025-04-08,6,1008,126,All I Wanna Do,Sheryl Crow,Country,1994,31,Kelly Clarkson,no,,,no,OCMM5cBxDss,https://www.youtube.com/watch?v=OCMM5cBxDss,KC Videos archive,Kellyoke | All I Wanna Do (Sheryl Crow),2300,129
2025-04-09,6,1009,127,Insensitive,Jann Arden,Pop,1994,31,Kelly Clarkson,no,,,no,QjC4Cm7cYmo,https://www.youtube.com/watch?v=QjC4Cm7cYmo,KC Videos archive,Kellyoke | Insensitive (Jann Arden),2400,114
2025-04-10,6,1010,128,Talking to the Moon,Bruno Mars,Pop,2011,14,Kelly Clarkson,no,,,no,P03v9925Qng,https://www.youtube.com/watch?v=P03v9925Qng,KC Videos archive,Kellyoke | Talking to the Moon (Bruno Mars),3000,142
2025-04-11,6,1011,129,I Forgive You,Kelly Clarkson,Rock,2011,14,Kelly Clarkson,no,,,no,lHNJlIvtGF0,https://www.youtube.com/watch?v=lHNJlIvtGF0,KC Videos archive,Kellyoke (Classic) | I Forgive You (Kelly Clarkson),1700,128
2025-04-14,6,1012,130,Follow Your Arrow,Kacey Musgraves,Country,2013,12,Kelly Clarkson,no,,,no,3F6hVVEOWlw,https://www.youtube.com/watch?v=3F6hVVEOWlw,KC Videos archive,Kellyoke | Follow Your Arrow (Kacey Musgraves),1500,127
2025-04-15,6,1013,131,A Long December,Counting Crows,Rock,1996,29,Kelly Clarkson,no,,,no,CZatgcyWRyo,https://www.youtube.com/watch?v=CZatgcyWRyo,KC Videos archive,Kellyoke | A Long December (Counting Crows),1500,109
2025-04-16,6,1014,132,Alright,Supergrass,Rock,1995,30,Kelly Clarkson,no,,,no,LZdYlNSBWBI,https://www.youtube.com/watch?v=LZdYlNSBWBI,KC Videos archive,Kellyoke | Alright (Supergrass),2000,100
2025-04-17,6,1015,133,Who's Sorry Now,Connie Francis,,,,performed by Gracie Lawrence,yes,,,no,,,,,,
2025-04-18,6,1016,134,Racing,Tony K,Hip hop,,,Kelly Clarkson,no,,,no,nu_-WrSjc58,https://www.youtube.com/watch?v=nu_-WrSjc58,KC Videos archive,Kellyoke | Racing (Tony K),1500,97
2025-04-21,6,1017,135,Sick,Dominic Fike,Rock,2023,2,Kelly Clarkson,no,,,no,ChodmgCl6qs,https://www.youtube.com/watch?v=ChodmgCl6qs,KC Videos archive,Kellyoke | Sick (Dominic Fike),1500,103
2025-04-22,6,1018,136,Heat,Kelly Clarkson,R&B / Soul,2018,7,Kelly Clarkson,no,,,no,gWG7Lj6QweA,https://www.youtube.com/watch?v=gWG7Lj6QweA,KC Videos archive,Kellyoke (Classic) | Heat (Kelly Clarkson),3100,126
2025-04-23,6,1019,137,Anything for You,Gloria Estefan & Miami Sound Machine,Pop,1988,37,Kelly Clarkson,no,,,no,NPMjzggg1gA,https://www.youtube.com/watch?v=NPMjzggg1gA,KC Videos archive,Kellyoke | Anything for You (Gloria Estefan & Miami Sound Machine),1400,114
2025-04-24,6,1020,138,Don't Mind If I Do,Riley Green & Ella Langley,Country,,,Kelly Clarkson,no,,,no,6tQHVA-k8cY,https://www.youtube.com/watch?v=6tQHVA-k8cY,Xavier Del Cid archive,Kelly Clarkson Covers 'Don't Mind If I Do' By ' Riley Green l Kellyoke,3700,192
2025-04-25,6,1021,139,For Crying Out Loud,Finneas,Rock,,,Kelly Clarkson,no,,,no,6NfEF4mji40,https://www.youtube.com/watch?v=6NfEF4mji40,KC Videos archive,Kellyoke | For Cryin Out Loud! (FINNEAS),1000,120
2025-04-28,6,1022,140,Flames,Will Swinton,,,,Kelly Clarkson,no,,,no,FTloEQ5G26U,https://www.youtube.com/watch?v=FTloEQ5G26U,KC Videos archive,Kellyoke | Flames (Will Swinton),1700,137
2025-04-29,6,1023,141,The Angel and the Saint,Goldie Boutilier,Pop,,,Kelly Clarkson,no,,,no,twkpb1Fky8w,https://www.youtube.com/watch?v=twkpb1Fky8w,KC Videos archive,Kellyoke | The Angel And The Saint (Goldie Boutilier),1800,129
2025-04-30,6,1024,142,Love Out of Lust,Lykke Li,Pop,,,Kelly Clarkson,no,,,no,hIizPXOW09Q,https://www.youtube.com/watch?v=hIizPXOW09Q,KC Videos archive,Kellyoke | Love Out of Lust (Lykke Li),2200,137
2025-05-01,6,1025,143,White Lies,Sam Ryder,Pop,,,Kelly Clarkson,no,,,no,2886Hf3IV8c,https://www.youtube.com/watch?v=2886Hf3IV8c,KC Videos archive,Kellyoke | White Lies  (Lucius),2000,115
2025-05-02,6,1026,144,Bad Thoughts,Rachel Platten,Pop,,,Rachel Platten,yes,,,no,,,,,,
2025-05-05,6,1027,145,Boyfriend Forever,Abbey Romeo,,,,Abbey Romeo,yes,,,no,,,,,,
2025-05-06,6,1028,146,Learn to Fly,Foo Fighters,Rock,1999,26,Kelly Clarkson,no,,,no,DgolyDIvhZ4,https://www.youtube.com/watch?v=DgolyDIvhZ4,KC Videos archive,Kellyoke | Learn To Fly (Foo Fighters),2100,119
2025-05-07,6,1029,147,Home (Lyana's Song),Amy Grant,Gospel,,,Amy Grant,yes,,,no,,,,,,
2025-05-08,6,1030,148,Red Wine Supernova,Chappell Roan,Pop,2023,2,Kelly Clarkson,no,,,no,FcyQXV1Csgs,https://www.youtube.com/watch?v=FcyQXV1Csgs,KC Videos archive,Kellyoke | Red Wine Supernova (Chappell Roan),2800,116
2025-05-09,6,1031,149,Slow It Down,Benson Boone,Rock,2024,1,Dove Cameron,yes,,Dove Cameron version,no,,,,,,
2025-05-12,6,1032,150,7 Days of Weak,Ledisi,,,,Ledisi,yes,,,no,,,,,,
2025-05-13,6,1033,151,All I Wanna Do,Sheryl Crow,Country,1994,31,Kelly Clarkson,no,,,no,OCMM5cBxDss,https://www.youtube.com/watch?v=OCMM5cBxDss,KC Videos archive,Kellyoke | All I Wanna Do (Sheryl Crow),2300,129
2025-05-14,6,1034,152,If I Only Had a Brain,,Musical theatre,,,Kelly Clarkson,no,,,no,U3kXgrCDg-g,https://www.youtube.com/watch?v=U3kXgrCDg-g,KC Videos archive,Kellyoke | If I Only Had a Brain (Wizard of Oz),2700,113
2025-05-15,6,1035,153,Still Bad,Lizzo,Pop,,,Kelly Clarkson,no,Lizzo,,no,bbMUGE9p4ac,https://www.youtube.com/watch?v=bbMUGE9p4ac,KC Videos archive,Kellyoke | Still Bad [with Lizzo] (Lizzo),1500,154
2025-05-16,6,1036,154,Where Have You Been,Kelly Clarkson,Pop,2025,0,Kelly Clarkson,no,,,no,uqnLfuZNuco,https://www.youtube.com/watch?v=uqnLfuZNuco,KC Videos archive,Kellyoke (Classic) | Where Have You Been (Kelly Clarkson),1200,235
2025-05-19,6,1037,155,Always Remember Us This Way,Lady Gaga,Country,2019,6,Kelly Clarkson,no,,,no,SKnd3raIU8g,https://www.youtube.com/watch?v=SKnd3raIU8g,KC Videos archive,Kellyoke | Always Remember Us This Way (Lady Gaga),4900,121
2025-05-20,6,1038,156,What It Feels Like,Aly & AJ,,,,Aly & AJ,yes,,,no,HxxHEQSWgNk,https://www.youtube.com/watch?v=HxxHEQSWgNk,Xavier Del Cid archive,Aly & AJ - 'What It Feels Like' By Aly & AJ l Cameo - oke,88,250
2025-05-21,6,1039,157,Go Home W U,Keith Urban & Lainey Wilson,Country,,,Kelly Clarkson,no,Keith Urban,,no,-NZOYVA0tIs,https://www.youtube.com/watch?v=-NZOYVA0tIs,Other upload,,,
2025-05-22,6,1040,158,Drivers License,Olivia Rodrigo,Pop,2021,4,Lea Michele,yes,,Lea Michele version,no,,,,,,
2025-05-27,6,1041,159,Just Missed the Train,Trine Rein,,,,Kelly Clarkson,no,,Kelly Clarkson version,no,L-XKxOYLrKk,https://www.youtube.com/watch?v=L-XKxOYLrKk,KC Videos archive,Kellyoke (Classic) | Just Missed The Train (Kelly Clarkson),2400,139
2025-05-28,6,1042,160,I Got a New One,Elizabeth Nichols,,,,Kelly Clarkson,no,,,no,g6LEpMOLO84,https://www.youtube.com/watch?v=g6LEpMOLO84,The Kelly Clarkson Show (official),'I Got A New One' By Elizabeth Nichols | Kelly Clarkson Kellyoke Cover,794000,170
2025-05-29,6,1043,161,Total Eclipse of the Heart,Bonnie Tyler,Rock,1983,42,Kelly Clarkson,no,,,no,3AiTunB8i4Q,https://www.youtube.com/watch?v=3AiTunB8i4Q,KC Videos archive,Kellyoke | Total Eclipse of the Heart (Bonnie Tyler),4600,111
2025-06-02,6,1044,162,I Lied,Lord Huron and August Ponthier,Pop,2021,4,Kelly Clarkson,no,,,no,xGnHGIeIFyY,https://www.youtube.com/watch?v=xGnHGIeIFyY,The Kelly Clarkson Show (official),'I Lied' by Lord Huron ft. Allison Ponthier | Kelly Clarkson Kellyoke Cover,150000,139
2025-06-03,6,1045,163,Worth It,Raye,Electronic,2023,2,Kelly Clarkson,no,,,no,eJ-a62gl0yA,https://www.youtube.com/watch?v=eJ-a62gl0yA,KC Videos archive,Kellyoke | Worth It. (RAYE),1900,134
2025-06-04,6,1046,164,I'll Be,Edwin McCain,Rock,1997,28,Kelly Clarkson,no,,,no,BpTXhwTD4hQ,https://www.youtube.com/watch?v=BpTXhwTD4hQ,KC Videos archive,Kellyoke | I'll Be (Edwin McCain),3200,135
2025-06-05,6,1047,165,You're Beautiful,James Blunt,Rock,2005,20,Kelly Clarkson,no,,,no,LmmgX6uxcSE,https://www.youtube.com/watch?v=LmmgX6uxcSE,Xavier Del Cid archive,Kelly Clarkson Covers' You're Beautiful By James Blunt  Kelly Clarkson Show Cameo oke,583,467
2025-06-09,6,1048,166,You Lie,Cee Cee Chapman,Country,1988,37,Kelly Clarkson,no,,,no,SIACfaI4k9Y,https://www.youtube.com/watch?v=SIACfaI4k9Y,KC Videos archive,Kellyoke | You Lie (Reba McEntire),8600,130
2025-06-10,6,1049,167,Damn I Wish I Was Your Lover,Sophie B. Hawkins,Rock,1992,33,Kelly Clarkson,no,,,no,mE5QSWqqIYs,https://www.youtube.com/watch?v=mE5QSWqqIYs,KC Videos archive,Kellyoke | Damn I Wish I Was Your Lover (Sophie B. Hawkins),2700,125
2025-06-11,6,1050,168,Coffee,Chappell Roan,Pop,,,Kelly Clarkson,no,,,no,NL6SRTrIDeQ,https://www.youtube.com/watch?v=NL6SRTrIDeQ,KC Videos archive,Kellyoke | Coffee (Chappell Roan),2100,108
2025-06-12,6,1051,169,Cry,Benson Boone,Rock,2024,1,Kelly Clarkson,no,,,no,mxfj1R0wDTs,https://www.youtube.com/watch?v=mxfj1R0wDTs,KC Videos archive,Kellyoke | Cry (Benson Boone),2500,140
2025-06-16,6,1052,170,Ain't No Love in Oklahoma,Luke Combs,Country,2024,1,Kelly Clarkson,no,,,no,8l6uLUA3v7g,https://www.youtube.com/watch?v=8l6uLUA3v7g,KC Videos archive,Kellyoke | Ain't No Love In Oklahoma (Luke Combs),5100,119
2025-06-17,6,1053,171,Your Love,The Outfield,Rock,1986,39,Kelly Clarkson,no,,,no,yzudNCHAABU,https://www.youtube.com/watch?v=yzudNCHAABU,Courtney O'shea archive,Kellyoke | Your Love (Outfield) ,892,130
2025-06-18,6,1054,172,White Lies,Sam Ryder,Pop,,,Kelly Clarkson,no,,,no,2886Hf3IV8c,https://www.youtube.com/watch?v=2886Hf3IV8c,KC Videos archive,Kellyoke | White Lies  (Lucius),2000,115
2025-06-19,6,1055,173,More Than Words,Extreme,Rock,1991,34,Kelly Clarkson,no,,,no,etk3xnaY2LI,https://www.youtube.com/watch?v=etk3xnaY2LI,KC Videos archive,Kellyoke | More Than Words (Extreme),15000,118
2025-06-23,6,1056,174,Where Have You Been,Kelly Clarkson,Pop,2025,0,Kelly Clarkson,no,,,no,uqnLfuZNuco,https://www.youtube.com/watch?v=uqnLfuZNuco,KC Videos archive,Kellyoke (Classic) | Where Have You Been (Kelly Clarkson),1200,235
2025-06-24,6,1057,175,War Paint,Kelly Clarkson,Pop,2015,10,Kelly Clarkson,no,,,no,PKayQKaVy4Y,https://www.youtube.com/watch?v=PKayQKaVy4Y,KC Videos archive,Kellyoke (Classic) | War Paint (Kelly Clarkson),2100,121
2025-06-25,6,1058,176,All the Things She Said,t.A.T.u,Rock,2002,23,Kelly Clarkson,no,,,no,1oprWvGO8QE,https://www.youtube.com/watch?v=1oprWvGO8QE,The Kelly Clarkson Show (official),'All The Things She Said' By t.A.T.u. | Kelly Clarkson Kellyoke Cover,2700000,152
2025-09-29,7,1059,1,Blinding Lights,The Weeknd,Pop,2019,6,Kelly Clarkson,no,,,no,k93Y61tXHh4,https://www.youtube.com/watch?v=k93Y61tXHh4,KC Videos archive,Kellyoke | Blinding Lights (The Weeknd),1900,138
2025-09-30,7,1060,2,Say My Name,Destiny's Child,R&B / Soul,1999,26,Kelly Clarkson,no,,,no,T4NDL8qtbFw,https://www.youtube.com/watch?v=T4NDL8qtbFw,KC Videos archive,Kellyoke | Say My Name (Destiny's Child),2500,156
2025-10-01,7,1061,3,Walking on Sunshine,Katrina and the Waves,Rock,1985,40,Kelly Clarkson,no,,,no,AL5QoeKhpJA,https://www.youtube.com/watch?v=AL5QoeKhpJA,KC Videos archive,Kellyoke | Walking On Sunshine (Katrina And the Waves),1700,122
2025-10-02,7,1062,4,Love So Soft,Kelly Clarkson,R&B / Soul,2017,8,Kelly Clarkson,no,,,no,rIsmzC4kOMQ,https://www.youtube.com/watch?v=rIsmzC4kOMQ,KC Videos archive,Kellyoke (Classic) | Love So Soft (Kelly Clarkson),1600,107
2025-10-03,7,1063,5,Another One Bites the Dust,Queen,Rock,1980,45,Kelly Clarkson,no,,,no,kOBrwLISUkA,https://www.youtube.com/watch?v=kOBrwLISUkA,KC Videos archive,Kellyoke | Another One Bites The Dust (Queen),1500,129
2025-10-06,7,1064,6,We Can't Be Friends (Wait for Your Love),Ariana Grande,Pop,2024,1,Kelly Clarkson,no,,,no,R13-g_4abZ0,https://www.youtube.com/watch?v=R13-g_4abZ0,Xavier Del Cid archive,Kellyoke | we cant be friends (Ariana Grande),2800,138
2025-10-07,7,1065,7,Follow Your Arrow,Kacey Musgraves,Country,2013,12,Kelly Clarkson,no,,,no,3F6hVVEOWlw,https://www.youtube.com/watch?v=3F6hVVEOWlw,KC Videos archive,Kellyoke | Follow Your Arrow (Kacey Musgraves),1500,127
2025-10-08,7,1066,8,I'm Your Baby Tonight,Whitney Houston,R&B / Soul,1990,35,Kelly Clarkson,no,,,no,M1ys1PLL4bQ,https://www.youtube.com/watch?v=M1ys1PLL4bQ,KC Videos archive,Kellyoke | I'm Your Baby Tonight (Whitney Houston),2500,128
2025-10-09,7,1067,9,"I Lied, I'm Sorry",Chloe Qisha,Pop,,,Kelly Clarkson,no,,,no,RBvPHW0WJ7I,https://www.youtube.com/watch?v=RBvPHW0WJ7I,Xavier Del Cid archive,"Kelly Clarkson Covers 'I Lied, I'm Sorry' By Chloe Qisha l Kellyoke",23,115
2025-10-10,7,1068,10,Bleeding Love,Leona Lewis,R&B / Soul,2007,18,Leona Lewis,yes,,,no,,,,,,
2025-10-13,7,1069,11,Hello,Kelly Clarkson,Rock,,,Kelly Clarkson,no,,,no,BKHXKN7mvIA,https://www.youtube.com/watch?v=BKHXKN7mvIA,The Kelly Clarkson Show (official),'Hello' By Kelly Clarkson | Kellyoke Classic,160000,160
2025-10-14,7,1070,12,I'll Be,Edwin McCain,Rock,1997,28,Kelly Clarkson,no,,,no,BpTXhwTD4hQ,https://www.youtube.com/watch?v=BpTXhwTD4hQ,KC Videos archive,Kellyoke | I'll Be (Edwin McCain),3200,135
2025-10-15,7,1071,13,Cry,Kelly Clarkson,Rock,2024,1,Kelly Clarkson,no,,,no,pMxJS8yrl6s,https://www.youtube.com/watch?v=pMxJS8yrl6s,KC Videos archive,Kellyoke (Classic) | Cry,9300,128
2025-10-16,7,1072,14,I Hope I Never Fall In Love,Maren Morris,Country,,,Kelly Clarkson,no,,,no,dKoOIEf1Xzo,https://www.youtube.com/watch?v=dKoOIEf1Xzo,KC Videos archive,Kellyoke | i hope i never fall in love (Maren Morris),1200,161
2025-10-17,7,1073,15,I Got a New One,Elizabeth Nichols,,,,Kelly Clarkson,no,,,no,g6LEpMOLO84,https://www.youtube.com/watch?v=g6LEpMOLO84,The Kelly Clarkson Show (official),'I Got A New One' By Elizabeth Nichols | Kelly Clarkson Kellyoke Cover,794000,170
2025-10-20,7,1074,16,Créme Brulée,David Archuleta,,,,David Archuleta,yes,,,no,,,,,,
2025-10-21,7,1075,17,Let Your Tears Fall,Kelly Clarkson,Pop,2015,10,Kelly Clarkson,no,,,no,lzmg7kQFRVw,https://www.youtube.com/watch?v=lzmg7kQFRVw,KC Videos archive,Kellyoke (Classic) | Let Your Tears Fall (Kelly Clarkson),924,134
2025-10-22,7,1076,18,Hell is a Dancefloor,Vincent Mason,Hip hop,,,Vincent Mason,yes,,,no,,,,,,
2025-10-23,7,1077,19,Never Enough,,Pop,,,Kelly Clarkson,no,,Kelly Clarkson version,no,j4ieTSExHSg,https://www.youtube.com/watch?v=j4ieTSExHSg,KC Videos archive,Kellyoke | Never Enough,1700,129
2025-10-24,7,1078,20,One Night,Johnny Gill,R&B / Soul,,,Johnny Gill,yes,,,no,,,,,,
2025-10-27,7,1079,21,Never Be the Same,Camila Cabello,Electronic,2017,8,Kelly Clarkson,no,,,no,bnXoTHV84RE,https://www.youtube.com/watch?v=bnXoTHV84RE,KC Videos archive,Kellyoke | Never Be the Same (Camila Cabello),6200,121
2025-10-28,7,1080,22,One Good Thing,,,,,Aloe Blacc,yes,,,no,,,,,,
2025-10-29,7,1081,23,Carry It Well,Sam Fischer,R&B / Soul,,,Kelly Clarkson,no,,,no,onBBoNAaaG0,https://www.youtube.com/watch?v=onBBoNAaaG0,KC Videos archive,Kellyoke | Carry It Well (Sam Fischer),2500,133
2025-10-30,7,1082,24,She's So High,Tal Bachman,Pop,1999,26,Kelly Clarkson,no,,,no,FjMoMhlKd60,https://www.youtube.com/watch?v=FjMoMhlKd60,KC Videos archive,Kellyoke | She's So High (Tal Bachman),3600,136
2025-10-31,7,1083,25,Sooner or Later,Madonna,Jazz / Blues,1990,35,Kelly Clarkson,no,,,no,WmJHEQbp4ps,https://www.youtube.com/watch?v=WmJHEQbp4ps,KC Videos archive,Kellyoke | Sooner or Later (Madonna),1000,171
2025-11-03,7,1084,26,Indigo,Sam Barber & Avery Anna,Country,2024,1,Kelly Clarkson,no,,,no,VFyYsCdS_mM,https://www.youtube.com/watch?v=VFyYsCdS_mM,The Kelly Clarkson Show (official),'Indigo' By Sam Barber ft. Avery Anna | Kelly Clarkson Kellyoke Cover,143000,140
2025-11-04,7,1085,27,White Lies,Sam Ryder,Pop,,,Kelly Clarkson,no,,,no,2886Hf3IV8c,https://www.youtube.com/watch?v=2886Hf3IV8c,KC Videos archive,Kellyoke | White Lies  (Lucius),2000,115
2025-11-05,7,1086,28,For Cryin' Out Loud,Finneas,Rock,,,Kelly Clarkson,no,,,no,6NfEF4mji40,https://www.youtube.com/watch?v=6NfEF4mji40,KC Videos archive,Kellyoke | For Cryin Out Loud! (FINNEAS),1000,120
2025-11-06,7,1087,29,Uptown Girl,Billy Joel,R&B / Soul,1983,42,Kelly Clarkson,no,,,no,jqR9qeTEfFw,https://www.youtube.com/watch?v=jqR9qeTEfFw,KC Videos archive,Kellyoke | Uptown Girl (Billy Joel),3300,96
2025-11-07,7,1088,30,You Lie,,Country,1988,37,Kelly Clarkson,no,,,no,SIACfaI4k9Y,https://www.youtube.com/watch?v=SIACfaI4k9Y,KC Videos archive,Kellyoke | You Lie (Reba McEntire),8600,130
2025-11-10,7,1089,31,Happen to Me,Russell Dickerson,Country,,,Russell Dickerson,yes,,,no,,,,,,
2025-11-11,7,1090,32,Total Eclipse of the Heart,Bonnie Tyler,Rock,1983,42,Kelly Clarkson,no,,,no,3AiTunB8i4Q,https://www.youtube.com/watch?v=3AiTunB8i4Q,KC Videos archive,Kellyoke | Total Eclipse of the Heart (Bonnie Tyler),4600,111
2025-11-12,7,1091,33,Racing,Tony K,Hip hop,,,Kelly Clarkson,no,,,no,nu_-WrSjc58,https://www.youtube.com/watch?v=nu_-WrSjc58,KC Videos archive,Kellyoke | Racing (Tony K),1500,97
2025-11-13,7,1092,34,All the Things She Said,t.A.T.u,Rock,2002,23,Kelly Clarkson,no,,,no,1oprWvGO8QE,https://www.youtube.com/watch?v=1oprWvGO8QE,The Kelly Clarkson Show (official),'All The Things She Said' By t.A.T.u. | Kelly Clarkson Kellyoke Cover,2700000,152
2025-11-14,7,1093,35,You Lie,Cee Cee Chapman,Country,1988,37,Kelly Clarkson,no,,,no,SIACfaI4k9Y,https://www.youtube.com/watch?v=SIACfaI4k9Y,KC Videos archive,Kellyoke | You Lie (Reba McEntire),8600,130
2025-11-17,7,1094,36,Damn I Was Your Lover,Sophie B. Hawkins,Jazz / Blues,,,Kelly Clarkson,no,,,no,mE5QSWqqIYs,https://www.youtube.com/watch?v=mE5QSWqqIYs,KC Videos archive,Kellyoke | Damn I Wish I Was Your Lover (Sophie B. Hawkins),2700,125
2025-11-18,7,1095,37,All by Myself,Eric Carmen,Rock,1975,50,Kelly Clarkson,no,,,no,wfJRMSFvpgI,https://www.youtube.com/watch?v=wfJRMSFvpgI,KC Videos archive,Kellyoke | All by Myself (Celine Dion),6800,126
2025-11-19,7,1096,38,If I Only Had a Brain,Harold Arlen and Yip Harburg,Musical theatre,,,Kelly Clarkson,no,,,no,U3kXgrCDg-g,https://www.youtube.com/watch?v=U3kXgrCDg-g,KC Videos archive,Kellyoke | If I Only Had a Brain (Wizard of Oz),2700,113
2025-11-20,7,1097,39,I Melt with You,Modern English,,1982,43,Kelly Clarkson,no,,,no,iWZdfUSCgKM,https://www.youtube.com/watch?v=iWZdfUSCgKM,KC Videos archive,Kellyoke | I Melt With You (Modern English),836,117
2025-11-21,7,1098,40,Over The Rainbow,Judy Garland,Pop,,,Kelly Clarkson,no,,,no,qgaPMLUiKSM,https://www.youtube.com/watch?v=qgaPMLUiKSM,KC Videos archive,Kellyoke | Over the Rainbow (Judy Garland),7000,128
2025-11-24,7,1099,41,Better Be Tough,Ella Langley,Country,,,Kelly Clarkson,no,,,no,B8M5fuQ-GIg,https://www.youtube.com/watch?v=B8M5fuQ-GIg,KC Videos archive,Kellyoke | better be tough (Ella Langley),3500,120
2025-11-25,7,1100,42,Building a Mystery,Sarah McLachlan,Pop,1997,28,Kelly Clarkson,no,,,no,2x4nPJnAOJU,https://www.youtube.com/watch?v=2x4nPJnAOJU,KC Videos archive,Kellyoke | Building A Mystery (Sarah McLachlan),2700,113
2025-11-26,7,1101,43,Dark Side,Kelly Clarkson,Pop,2012,13,Kelly Clarkson,no,,,no,HEu94jmYoUg,https://www.youtube.com/watch?v=HEu94jmYoUg,KC Videos archive,Kellyoke (Classic) | Dark Side (Kelly Clarkson),2700,151
2025-12-01,7,1102,44,Changing,Kevin Jonas,Rock,,,Kevin Jonas,yes,,,no,,,,,,
2025-12-02,7,1103,45,Insensitive,Jann Arden,Pop,1994,31,Kelly Clarkson,no,,,no,QjC4Cm7cYmo,https://www.youtube.com/watch?v=QjC4Cm7cYmo,KC Videos archive,Kellyoke | Insensitive (Jann Arden),2400,114
2025-12-03,7,1104,46,Weren't for the Wind,Ella Langley,Country,2024,1,Kelly Clarkson,no,,,no,aOovUAVc5D8,https://www.youtube.com/watch?v=aOovUAVc5D8,KC Videos archive,Kellyoke | weren't for the wind  (Ella Langley),2800,111
2025-12-04,7,1105,47,War Paint,Kelly Clarkson,Pop,2015,10,Kelly Clarkson,no,,,no,PKayQKaVy4Y,https://www.youtube.com/watch?v=PKayQKaVy4Y,KC Videos archive,Kellyoke (Classic) | War Paint (Kelly Clarkson),2100,121
2025-12-05,7,1106,48,"Santa, Can't You Hear Me",Kelly Clarkson & Ariana Grande,Pop,2022,3,Kelly Clarkson,no,,,no,9yQMzrUVxBs,https://www.youtube.com/watch?v=9yQMzrUVxBs,KC Videos archive,"Kellyoke |  Santa, Can't You Hear Me (Ariana Grande & Kelly Clarkson)",1100,128
2025-12-08,7,1107,49,Christmas Eve,Kelly Clarkson,Pop,2017,8,Kelly Clarkson,no,,,no,eboc8bRf1Wg,https://www.youtube.com/watch?v=eboc8bRf1Wg,KC Videos archive,Kellyoke | Christmas Eve (Kelly Clarkson),764,112
2025-12-09,7,1108,50,You for Christmas,Kelly Clarkson,Pop,2024,1,Kelly Clarkson,no,,,no,-aJdGRdiw1Q,https://www.youtube.com/watch?v=-aJdGRdiw1Q,KC Videos archive,Kellyoke | You For Christmas (Kelly Clarkson),1400,170
2025-12-10,7,1109,51,White Christmas,Kelly Clarkson,Pop,1942,83,Kelly Clarkson,no,,,no,wQHSVjE1__o,https://www.youtube.com/watch?v=wQHSVjE1__o,KC Videos archive,Kellyoke | White Christmas (Bing Crosby),522,147
2025-12-11,7,1110,52,How Great Thou Art,,Classical,,,Warren Zeiders,yes,,,no,,,,,,
2025-12-12,7,1111,53,Silent Night,The Temptations,R&B / Soul,,,The Temptations,yes,,,no,,,,,,
2025-12-15,7,1112,54,Every Christmas,Kelly Clarkson,Pop,2013,12,Kelly Clarkson,no,,,no,51t5CuwIvEk,https://www.youtube.com/watch?v=51t5CuwIvEk,KC Videos archive,Kellyoke | Every Christmas (Kelly Clarkson),695,117
2025-12-16,7,1113,55,Run Run Rudolph,Chuck Berry Kelly Clarkson version,Christmas,1958,67,Kelly Clarkson,no,,,no,5Q7ZLBUdvhc,https://www.youtube.com/watch?v=5Q7ZLBUdvhc,KC Videos archive,Kellyoke | Run Run Rudolph (Chuck Berry),1800,133
2025-12-17,7,1114,56,"Oh Come, Oh Come Emmanuel",Kelly Clarkson,Classical,,,Kelly Clarkson,no,,,no,K5U-XxjhZVo,https://www.youtube.com/watch?v=K5U-XxjhZVo,The Kelly Clarkson Show (official),"'O Come, O Come, Emmanuel' By Kelly Clarkson | Kellyoke",246000,196
2025-12-18,7,1115,57,SANTA (Crush on You),Thalía,Latin,,,Thalía,yes,,,no,,,,,,
2025-12-19,7,1116,58,Wrapped in Red,Kelly Clarkson,R&B / Soul,2014,11,Kelly Clarkson,no,,,no,RM92BcJAqQI,https://www.youtube.com/watch?v=RM92BcJAqQI,KC Videos archive,Kellyoke | Wrapped in Red (Kelly Clarkson),3800,132
2026-01-12,7,1117,59,No One Else Like Me,The Red Clay Strays,Rock,,,Kelly Clarkson,no,,,no,WMLVi8JyG6U,https://www.youtube.com/watch?v=WMLVi8JyG6U,KC Videos archive,Kellyoke | No One Else Like Me (The Red Clay Strays),1400,165
2026-01-13,7,1118,60,What It Sounds Like,KPop Demon Hunters,,,,Kelly Clarkson,no,,,no,mqaPv2IPnak,https://www.youtube.com/watch?v=mqaPv2IPnak,KC Videos archive,Kellyoke | What It Sounds Like (KPop Demon Hunters),2900,140
2026-01-14,7,1119,61,Complicated,Gabby Samone,,,,Gabby Samone,yes,,,no,,,,,,
2026-01-15,7,1120,62,I Wish I Knew How to Quit You,Sombr,Rock,,,Kelly Clarkson,no,,,no,idksbMAM6YM,https://www.youtube.com/watch?v=idksbMAM6YM,KC Videos archive,Kellyoke | i wish i knew how to quit you (sombr),1300,126
2026-01-16,7,1121,63,Still,Jonathan McReynolds & Jamal Roberts,Gospel,,,Jonathan McReynolds & Jamal Roberts,yes,,,no,,,,,,
2026-01-19,7,1122,64,Hard Fought Hallelujah,Brandon Lake,Gospel,2024,2,Brandon Lake,yes,,,no,,,,,,
2026-01-20,7,1123,65,Blink,Corbyn Besson,Pop,,,Corbyn Besson,yes,,,no,u4r0-Yit5F8,https://www.youtube.com/watch?v=u4r0-Yit5F8,The Kelly Clarkson Show (official),'Blink' By Corbyn Besson | Cameo-oke,71000,219
2026-01-21,7,1124,66,His Eye Is on the Sparrow,Natalie Grant,Gospel,2012,14,Natalie Grant,yes,,,no,,,,,,
2026-01-22,7,1125,67,Love So Soft,Kelly Clarkson,R&B / Soul,2017,9,Kelly Clarkson,no,,,no,rIsmzC4kOMQ,https://www.youtube.com/watch?v=rIsmzC4kOMQ,KC Videos archive,Kellyoke (Classic) | Love So Soft (Kelly Clarkson),1600,107
2026-01-23,7,1126,68,The Thing I Love,MAX,,,,MAX,yes,,,no,,,,,,
2026-01-26,7,1127,69,Say My Name,Destiny's Child,R&B / Soul,1999,27,Kelly Clarkson,no,,,no,T4NDL8qtbFw,https://www.youtube.com/watch?v=T4NDL8qtbFw,KC Videos archive,Kellyoke | Say My Name (Destiny's Child),2500,156
2026-01-27,7,1128,70,Time,Olivia Dean,,,,Kelly Clarkson,no,,,no,L2KGpG-8Dso,https://www.youtube.com/watch?v=L2KGpG-8Dso,KC Videos archive,Kellyoke | Time (Olivia Dean),988,102
2026-01-28,7,1129,71,Working,Keith Sweat,Pop,2021,5,Keith Sweat,yes,,,no,,,,,,
2026-01-29,7,1130,72,Breakaway,Kelly Clarkson,World,2004,22,performed by D,yes,,,no,,,,,,
2026-01-30,7,1131,73,Take You High,Kelly Clarkson,Pop,2015,11,Kelly Clarkson,no,,,no,XqGODSwJy8M,https://www.youtube.com/watch?v=XqGODSwJy8M,KC Videos archive,Kellyoke (Classic) | Take You High (Kelly Clarkson),2700,207
2026-02-02,7,1132,74,In the Stars,Benson Boone,Rock,2022,4,performed by Simu Liu,yes,,,no,,,,,,
2026-02-03,7,1133,75,Hands to Myself,Selena Gomez,Pop,2016,10,Kelly Clarkson,no,,,no,PmkTkxemClU,https://www.youtube.com/watch?v=PmkTkxemClU,KC Videos archive,Kellyoke | Hands to Myself (Selena Gomez),1200,135
2026-02-04,7,1134,76,I Melt with You,Modern English,,1982,44,Kelly Clarkson,no,,,no,iWZdfUSCgKM,https://www.youtube.com/watch?v=iWZdfUSCgKM,KC Videos archive,Kellyoke | I Melt With You (Modern English),836,117
2026-02-05,7,1135,77,Nothing Breaks Like a Heart,Mark Ronson feat. Miley Cyrus,Country,2018,8,Kelly Clarkson,no,,Damiano David version,no,z7wu_kz6VIQ,https://www.youtube.com/watch?v=z7wu_kz6VIQ,KC Videos archive,Kellyoke | Nothing Breaks Like a Heart (Damiano David),1500,142
2026-02-23,7,1136,78,Take Me Home,Phil Collins,Rock,1985,41,Kelly Clarkson,no,,,no,2mAXV5qfPCI,https://www.youtube.com/watch?v=2mAXV5qfPCI,KC Videos archive,Kellyoke | Take Me Home (Phil Collins),1800,156
2026-02-24,7,1137,79,Yeehaw,Filmore,,,,Filmore,yes,,,no,,,,,,
2026-02-25,7,1138,80,Carry It Well,Sam Fischer,R&B / Soul,,,Kelly Clarkson,no,,,no,onBBoNAaaG0,https://www.youtube.com/watch?v=onBBoNAaaG0,KC Videos archive,Kellyoke | Carry It Well (Sam Fischer),2500,133
2026-02-26,7,1139,81,Never Be the Same,Camila Cabello,Electronic,2017,9,Kelly Clarkson,no,,,no,bnXoTHV84RE,https://www.youtube.com/watch?v=bnXoTHV84RE,KC Videos archive,Kellyoke | Never Be the Same (Camila Cabello),6200,121
2026-02-27,7,1140,82,Eat Me Alive,Cami Petyn,,,,Kelly Clarkson,no,,,no,QKpMFrqsckA,https://www.youtube.com/watch?v=QKpMFrqsckA,KC Videos archive,Kellyoke | EAT ME ALIVE (Cami Petyn),630,131
2026-03-02,7,1141,83,Hopeless War,,Musical theatre,,,performed by Pink and Willow Sage Hart,yes,,,no,IOv_Uc2D9t0,https://www.youtube.com/watch?v=IOv_Uc2D9t0,Xavier Del Cid archive,'Hopeless War' from 'The Outsiders' P!nk Duet With Daughter Willow   Cameo oke,1000,275
2026-03-03,7,1142,84,Lighthouse,Kelly Clarkson,Pop,2023,3,Pink,yes,,,no,VEG3_OR3s9c,https://www.youtube.com/watch?v=VEG3_OR3s9c,Xavier Del Cid archive,'lighthouse' By P!nk   Cameo oke,1300,209
2026-03-04,7,1143,85,River,Bishop Briggs,Rock,,,Pink,yes,,,no,jiX2rE7taRg,https://www.youtube.com/watch?v=jiX2rE7taRg,Xavier Del Cid archive,'River' By Bishop Briggs P!nk Cameo oke,3200,162
2026-03-05,7,1144,86,Die on This Hill,Sienna Spiro,Pop,2025,1,Pink,yes,,,no,6rouoOHsMaw,https://www.youtube.com/watch?v=6rouoOHsMaw,Xavier Del Cid archive,Die On This Hill By Sienna Spiro  Pnk Cameo oke,1900,196
2026-03-06,7,1145,87,Time after Time,Cyndi Lauper,Pop,,,Pink,yes,,,no,4yF97A1mnyg,https://www.youtube.com/watch?v=4yF97A1mnyg,The Kelly Clarkson Show (official),'Time After Time' By Cyndi Lauper | P!nk Cameo-oke,705000,241
2026-03-09,7,1146,88,Evergreen,Hunter Hayes,Country,,,performed by Hunter Hayes,yes,,,no,,,,,,
2026-03-10,7,1147,89,Put Your Records On,Corinne Bailey Rae,R&B / Soul,2006,20,Corinne Bailey Rae,yes,,,no,,,,,,
2026-03-11,7,1148,90,Let Your Tears Fall,Kelly Clarkson,Pop,2015,11,Kelly Clarkson,no,,,no,lzmg7kQFRVw,https://www.youtube.com/watch?v=lzmg7kQFRVw,KC Videos archive,Kellyoke (Classic) | Let Your Tears Fall (Kelly Clarkson),924,134
2026-03-12,7,1149,91,I'm Your Baby Tonight,Whitney Houston,R&B / Soul,1990,36,Kelly Clarkson,no,,,no,M1ys1PLL4bQ,https://www.youtube.com/watch?v=M1ys1PLL4bQ,KC Videos archive,Kellyoke | I'm Your Baby Tonight (Whitney Houston),2500,128
2026-03-13,7,1150,92,I Hope I Never Fall in Love,Maren Morris,Country,,,Kelly Clarkson,no,,,no,dKoOIEf1Xzo,https://www.youtube.com/watch?v=dKoOIEf1Xzo,KC Videos archive,Kellyoke | i hope i never fall in love (Maren Morris),1200,161
2026-03-16,7,1151,93,A Lesson in Leavin',Dottie West,Country,1980,46,Kelly Clarkson,no,,,no,1Uh9qWLmD0M,https://www.youtube.com/watch?v=1Uh9qWLmD0M,KC Videos archive,Kellyoke | A Lesson In Leavin' (Jo Dee Messina),965,119
2026-03-17,7,1152,94,Coraline,Lyn Lapid,Pop,,,Kelly Clarkson,no,,,no,6PvrdFc3BNQ,https://www.youtube.com/watch?v=6PvrdFc3BNQ,KC Videos archive,Kellyoke | coraline (Lyn Lapid),1100,120
2026-03-18,7,1153,95,Blinding Lights,The Weeknd,Pop,2019,7,Kelly Clarkson,no,,,no,k93Y61tXHh4,https://www.youtube.com/watch?v=k93Y61tXHh4,KC Videos archive,Kellyoke | Blinding Lights (The Weeknd),1900,138
2026-03-19,7,1154,96,Weren't for the Wind,Ella Langley,Country,2024,2,Kelly Clarkson,no,,,no,aOovUAVc5D8,https://www.youtube.com/watch?v=aOovUAVc5D8,KC Videos archive,Kellyoke | weren't for the wind  (Ella Langley),2800,111
2026-03-20,7,1155,97,We Can't Be Friends,Ariana Grande,Pop,,,Kelly Clarkson,no,,,no,Lr6TkeR9Wcs,https://www.youtube.com/watch?v=Lr6TkeR9Wcs,Xavier Del Cid archive,Kelly Clarkson' Cover' 'We can't be friends' By Ariana Grande l Kellyoke ---- Season 7 Kellyoke,9900,138
2026-03-23,7,1156,98,What It Sounds Like,KPop Demon Hunters,,,,Kelly Clarkson,no,,,no,mqaPv2IPnak,https://www.youtube.com/watch?v=mqaPv2IPnak,KC Videos archive,Kellyoke | What It Sounds Like (KPop Demon Hunters),2900,140
2026-03-24,7,1157,99,Indigo,Sam Barber & Avery Anna,Country,2024,2,Kelly Clarkson,no,,,no,VFyYsCdS_mM,https://www.youtube.com/watch?v=VFyYsCdS_mM,The Kelly Clarkson Show (official),'Indigo' By Sam Barber ft. Avery Anna | Kelly Clarkson Kellyoke Cover,143000,140
2026-03-25,7,1158,100,Here It Goes Again,OK Go,Pop,2006,20,Kelly Clarkson,no,,,no,G08JXLnhPt8,https://www.youtube.com/watch?v=G08JXLnhPt8,The Kelly Clarkson Show (official),'Here It Goes Again' By OK Go | Kelly Clarkson Kellyoke Cover,77000,170
2026-03-26,7,1159,101,Beg,Q Parker,,,,"and ""Put It On"" by Q Parker",yes,,,no,,,,,,
2026-03-26,7,1159,101,Put It On,Q Parker,,,,"and ""Put It On"" by Q Parker",yes,,,no,,,,,,
2026-03-27,7,1160,102,I Will Wait,Mumford & Sons,Folk,2012,14,Kelly Clarkson,no,,,no,_XmirZfaJBE,https://www.youtube.com/watch?v=_XmirZfaJBE,KC Videos archive,Kellyoke | I Will Wait (Mumford & Sons),9900,128
2026-03-30,7,1161,103,Hundred Mile High,Cameron Whitcomb,World,2025,1,Kelly Clarkson,no,,,no,zfRW7Bhw8sE,https://www.youtube.com/watch?v=zfRW7Bhw8sE,KC Videos archive,Kellyoke | Hundred Mile High (Cameron Whitcomb),801,114
2026-03-31,7,1162,104,You,Raheem DeVaughn,R&B / Soul,,,Raheem DeVaughn,yes,,,no,,,,,,
2026-04-01,7,1163,105,Walking on Sunshine,Katrina and the Waves,Rock,1985,41,Kelly Clarkson,no,,,no,AL5QoeKhpJA,https://www.youtube.com/watch?v=AL5QoeKhpJA,KC Videos archive,Kellyoke | Walking On Sunshine (Katrina And the Waves),1700,122
2026-04-02,7,1164,106,Another One Bites the Dust,Queen,Rock,1980,46,Kelly Clarkson,no,,,no,kOBrwLISUkA,https://www.youtube.com/watch?v=kOBrwLISUkA,KC Videos archive,Kellyoke | Another One Bites The Dust (Queen),1500,129
2026-04-03,7,1165,107,What This Could Be,Joe Jonas,Pop,2024,2,Kelly Clarkson,no,,,no,8fl50zl_m4g,https://www.youtube.com/watch?v=8fl50zl_m4g,KC Videos archive,Kellyoke | What This Could Be (Joe Jonas),505,126
2026-04-06,7,1166,108,Never Enough,The Greatest Showman,Pop,,,Kelly Clarkson,no,,,no,j4ieTSExHSg,https://www.youtube.com/watch?v=j4ieTSExHSg,KC Videos archive,Kellyoke | Never Enough,1700,129
2026-04-07,7,1167,109,Miss Me Too,Griff,R&B / Soul,,,Kelly Clarkson,no,,,no,BQFhGGc1ZW0,https://www.youtube.com/watch?v=BQFhGGc1ZW0,KC Videos archive,Kellyoke | Miss Me Too (Griff),1300,103
2026-04-08,7,1168,110,Bein' Alive,Melissa Etheridge,Rock,,,Melissa Etheridge,yes,,,no,,,,,,
2026-04-09,7,1169,111,Cut!,Maren Morris featuring Julia Michaels,Country,,,Kelly Clarkson,no,,,no,CnJtfQNtzpE,https://www.youtube.com/watch?v=CnJtfQNtzpE,The Kelly Clarkson Show (official),'cut!' By Maren Morris & Julia Michaels | Kelly Clarkson Kellyoke Cover,44000,139
2026-04-10,7,1170,112,Painted You Pretty,Hudson Westbrook,,,,Hudson Westbrook,yes,,,no,,,,,,
2026-04-13,7,1171,113,Blues in the Night,Ella Fitzgerald,,,,Kelly Clarkson,no,,,no,TZ-7JiKEUzk,https://www.youtube.com/watch?v=TZ-7JiKEUzk,KC Videos archive,Kellyoke | Blues In The Night (Eva Cassidy),2000,118
2026-04-14,7,1172,114,I Wish I Knew How to Quit You,Sombr,Rock,,,Kelly Clarkson,no,,,no,idksbMAM6YM,https://www.youtube.com/watch?v=idksbMAM6YM,KC Videos archive,Kellyoke | i wish i knew how to quit you (sombr),1300,126
2026-04-15,7,1173,115,No One Else Like Me,The Red Clay Strays,Rock,,,Kelly Clarkson,no,,,no,WMLVi8JyG6U,https://www.youtube.com/watch?v=WMLVi8JyG6U,KC Videos archive,Kellyoke | No One Else Like Me (The Red Clay Strays),1400,165
2026-04-16,7,1174,116,I Will (When You Do),Avery Anna,Country,,,Kelly Clarkson,no,,,no,ZzAVho4TjoY,https://www.youtube.com/watch?v=ZzAVho4TjoY,KC Videos archive,Kellyoke | I Will (When You Do) (Avery Anna),6800,124
2026-04-17,7,1175,117,I Got a New One,Elizabeth Nichols,,,,Elizabeth Nichols,yes,,,no,,,,,,
2026-04-20,7,1176,118,In My Head,Gryffin with Kaskade featuring Nu-La,Electronic,,,Kelly Clarkson,no,,,no,bVpWglqblCg,https://www.youtube.com/watch?v=bVpWglqblCg,KC Videos archive,Kellyoke | In My Head (Gryffin),919,150
2026-04-21,7,1177,119,Rent Free,Alexia Jayy,R&B / Soul,,,Alexia Jayy,yes,,,no,,,,,,
2026-04-22,7,1178,120,When My Fingers Find Your Strings,Jeff Daniels,,,,Kelly Clarkson,no,,,no,grWbFxC5Y0M,https://www.youtube.com/watch?v=grWbFxC5Y0M,KC Videos archive,Kellyoke | When My Fingers Find Your Strings (Jeff Bridges),2600,178
2026-04-23,7,1179,121,Mobbin in DC,Ari Lennox,R&B / Soul,,,Ari Lennox,yes,,,no,,,,,,
2026-04-24,7,1180,122,Say It Ain't So,Weezer,Rock,1995,31,Kelly Clarkson,no,Weezer,,no,KbNbYc_9wMM,https://www.youtube.com/watch?v=KbNbYc_9wMM,KC Videos archive,Kellyoke | Say It Ain't So [with Weezer] (Weezer),1900,138
2026-04-27,7,1181,123,Don't You Wanna Stay,Jason Aldean ft. Kelly Clarkson,Country,2010,16,Kelly Clarkson,no,,,no,7Jf12_9frDE,https://www.youtube.com/watch?v=7Jf12_9frDE,The Kelly Clarkson Show (official),'Don't You Wanna Stay' by Jason Aldean & Kelly Clarkson | Kellyoke Classic,288000,174
2026-04-28,7,1182,124,Not That I Care,Willie Nelson,Country,,,Kelly Clarkson,no,,,no,YgusMYOkkMc,https://www.youtube.com/watch?v=YgusMYOkkMc,KC Videos archive,Kellyoke | Not That I Care (Willie Nelson),2600,110
2026-04-29,7,1183,125,Time,Olivia Dean,,,,Kelly Clarkson,no,,,no,L2KGpG-8Dso,https://www.youtube.com/watch?v=L2KGpG-8Dso,KC Videos archive,Kellyoke | Time (Olivia Dean),988,102
2026-04-30,7,1184,126,Cruel,Kelly Clarkson,Pop,2017,9,Kelly Clarkson,no,,,no,hWTOII6Z93U,https://www.youtube.com/watch?v=hWTOII6Z93U,The Kelly Clarkson Show (official),'Cruel' By Kelly Clarkson | Kellyoke Classic,78000,165
2026-05-01,7,1185,127,"I Lied, I'm Sorry",Chloe Qisha,Pop,,,Kelly Clarkson,no,,,no,RBvPHW0WJ7I,https://www.youtube.com/watch?v=RBvPHW0WJ7I,Xavier Del Cid archive,"Kelly Clarkson Covers 'I Lied, I'm Sorry' By Chloe Qisha l Kellyoke",23,115
2026-05-04,7,1186,128,The Middle,Jimmy Eat World,Pop,2018,8,Kelly Clarkson,no,,,no,FzQf2ga4InM,https://www.youtube.com/watch?v=FzQf2ga4InM,KC Videos archive,Kellyoke | The Middle (Jimmy Eat World),26000,100
2026-05-05,7,1187,129,Ain't That Lonely Yet,Dwight Yoakam,Country,1993,33,Kelly Clarkson,no,,,no,NlkOZgaRlEk,https://www.youtube.com/watch?v=NlkOZgaRlEk,KC Videos archive,Kellyoke | Ain't That Lonely Yet (Dwight Yoakam),2300,94
2026-05-06,7,1188,130,I'll Take You,Ben Gallaher,Country,,,Ben Gallaher,yes,,,no,,,,,,
2026-05-07,7,1189,131,The Way It Is,Bruce Hornsby,Rock,1986,40,Kelly Clarkson,no,,,no,e9QNfnhWVh4,https://www.youtube.com/watch?v=e9QNfnhWVh4,KC Videos archive,Kellyoke | The Way It Is (Bruce Hornsby),3200,114
2026-05-08,7,1190,132,Beautiful Things,Benson Boone,Rock,2024,2,Kelly Clarkson,no,,,no,qBnlc14GVFY,https://www.youtube.com/watch?v=qBnlc14GVFY,KC Videos archive,Kellyoke | Beautiful Things (Benson Boone),102000,127
2026-05-11,7,1191,133,Austin (Boots Stop Workin),Dasha,Country,2023,3,Kelly Clarkson,no,,,no,TAgr3Ry8aE0,https://www.youtube.com/watch?v=TAgr3Ry8aE0,KC Videos archive,Kellyoke | Austin (Boots Stop Workin') (Dasha),1200,137
2026-05-12,7,1192,134,Hands to Myself,Selena Gomez,Pop,2016,10,Kelly Clarkson,no,,,no,PmkTkxemClU,https://www.youtube.com/watch?v=PmkTkxemClU,KC Videos archive,Kellyoke | Hands to Myself (Selena Gomez),1200,135
2026-05-13,7,1193,135,Stranger in My House,Tamia,R&B / Soul,2000,26,Kelly Clarkson,no,,,no,LLD25bSgRDw,https://www.youtube.com/watch?v=LLD25bSgRDw,KC Videos archive,Kellyoke | Stranger in My House (Tamia),11000,131
2026-05-14,7,1194,136,Flowers,Miley Cyrus,Electronic,2023,3,Kelly Clarkson,no,,,no,UxjTmsFpGoA,https://www.youtube.com/watch?v=UxjTmsFpGoA,KC Videos archive,Kellyoke | Flowers (Miley Cyrus),7300,110
2026-05-15,7,1195,137,Am I Okay,Durand Bernarr,,,,Durand Bernarr,yes,,,no,,,,,,
2026-05-18,7,1196,138,Take You High,Kelly Clarkson,Pop,2015,11,Kelly Clarkson,no,,,no,XqGODSwJy8M,https://www.youtube.com/watch?v=XqGODSwJy8M,KC Videos archive,Kellyoke (Classic) | Take You High (Kelly Clarkson),2700,207
2026-05-19,7,1197,139,Babylon,David Gray,Rock,1999,27,Kelly Clarkson,no,,,no,aapQuEiRzto,https://www.youtube.com/watch?v=aapQuEiRzto,KC Videos archive,Kellyoke | Babylon (David Gray),3200,115
2026-05-20,7,1198,140,Island,Tony K,Hip hop,,,Kelly Clarkson,no,,,no,2Um6EJGFF9Q,https://www.youtube.com/watch?v=2Um6EJGFF9Q,KC Videos archive,Kellyoke | Island (Tony K),2400,89
2026-05-21,7,1199,141,Take Me Home,Phil Collins,Rock,1985,41,Kelly Clarkson,no,,,no,2mAXV5qfPCI,https://www.youtube.com/watch?v=2mAXV5qfPCI,KC Videos archive,Kellyoke | Take Me Home (Phil Collins),1800,156
2026-05-22,7,1200,142,Coraline,Lyn Lapid,Pop,,,Kelly Clarkson,no,,,no,6PvrdFc3BNQ,https://www.youtube.com/watch?v=6PvrdFc3BNQ,KC Videos archive,Kellyoke | coraline (Lyn Lapid),1100,120
2026-05-26,7,1201,143,Bathroom Stall,Mikenley Brown,,,,Mikenley Brown,yes,,,no,,,,,,
2026-05-27,7,1202,144,Diamonds,Rita Wilson,Country,,,Rita Wilson,yes,,,no,,,,,,
2026-05-28,7,1203,145,Day Late and a Buck Short,Julia Cole,,,,Julia Cole,yes,,,no,,,,,,
2026-05-29,7,1204,146,Feathers in a Storm,Linda Perry,Rock,,,Linda Perry,yes,,,no,,,,,,
2026-06-01,7,1205,147,Eat Me Alive,Cami Petyn,,,,Kelly Clarkson,no,,,no,QKpMFrqsckA,https://www.youtube.com/watch?v=QKpMFrqsckA,KC Videos archive,Kellyoke | EAT ME ALIVE (Cami Petyn),630,131
2026-06-02,7,1206,148,Dare You to Move,Switchfoot,Rock,2004,22,Kelly Clarkson,no,,,no,54JyNYL9AEA,https://www.youtube.com/watch?v=54JyNYL9AEA,KC Videos archive,Kellyoke | Dare You to Move (Switchfoot),1700,150
2026-06-03,7,1207,149,All Night Parking Interlude,Adele,Pop,,,Kelly Clarkson,no,,,no,FUbFgF-fifc,https://www.youtube.com/watch?v=FUbFgF-fifc,KC Videos archive,Kellyoke | All Night Parking interlude (Adele),2000,98
2026-06-04,7,1208,150,The Sun,Girl Named Tom,Folk,,,Girl Named Tom,yes,,,no,,,,,,
2026-06-05,7,1209,151,Jesus Wept,JW Griffin,,,,JW Griffin,yes,,,no,,,,,,
2026-06-08,7,1210,152,Hundred Mile High,Cameron Whitcomb,World,2025,1,Kelly Clarkson,no,,,no,zfRW7Bhw8sE,https://www.youtube.com/watch?v=zfRW7Bhw8sE,KC Videos archive,Kellyoke | Hundred Mile High (Cameron Whitcomb),801,114
2026-06-09,7,1211,153,Becky's So Hot,Fletcher,Pop,2022,4,Kelly Clarkson,no,,,no,R2jj4tMGuhM,https://www.youtube.com/watch?v=R2jj4tMGuhM,The Kelly Clarkson Show (official),'Becky's So Hot' By FLETCHER | Kelly Clarkson Cover | Kellyoke,101000,125
2026-06-10,7,1212,154,A Lot More Free,Max McNown,Country,,,Kelly Clarkson,no,,,no,vn978aGv_2M,https://www.youtube.com/watch?v=vn978aGv_2M,The Kelly Clarkson Show (official),'A Lot More Free' By Max McNown | Kelly Clarkson Kellyoke Cover,141000,160
2026-06-11,7,1213,155,Til We Get It Right,Amy Grant,Gospel,,,Amy Grant,yes,,,no,49awC29TBlQ,https://www.youtube.com/watch?v=49awC29TBlQ,The Kelly Clarkson Show (official),'Til We Get It Right' By Amy Grant | Cameo-oke,32000,179
2026-06-12,7,1214,156,One More Night,Phil Collins,Rock,1985,41,Kelly Clarkson,no,,,no,rKsiFv7s5i0,https://www.youtube.com/watch?v=rKsiFv7s5i0,The Kelly Clarkson Show (official),'One More Night' By Phil Collins | Kelly Clarkson Cover | Kellyoke,183000,112
2026-06-15,7,1215,157,Bird Set Free,Sia,Pop,2015,11,Kelly Clarkson,no,,,no,_nYNcFLcWWg,https://www.youtube.com/watch?v=_nYNcFLcWWg,KC Videos archive,Kellyoke | Bird Set Free (Sia),5100,118
2026-06-16,7,1216,158,Suddenly Seymour,Lee Wilkof & Ellen Greene,,,,Kelly Clarkson,no,Lawrence Zarian,,no,8fSMFy48wS0,https://www.youtube.com/watch?v=8fSMFy48wS0,KC Videos archive,"Kellyoke | Suddenly, Seymour [With Lawrence Zarian] (Little Shop of Horrors)",689,151
2026-06-17,7,1217,159,It's Just Raining,Avery Anna,Country,,,Kelly Clarkson,no,,,no,-ojwJCWq0oo,https://www.youtube.com/watch?v=-ojwJCWq0oo,KC Videos archive,Kellyoke | it's just rainin' (Avery Anna),5900,129
2026-06-18,7,1218,160,Here It Goes Again,OK Go,Pop,2006,20,Kelly Clarkson,no,,,no,G08JXLnhPt8,https://www.youtube.com/watch?v=G08JXLnhPt8,The Kelly Clarkson Show (official),'Here It Goes Again' By OK Go | Kelly Clarkson Kellyoke Cover,77000,170
2026-06-22,7,1219,161,The Sun Will Rise,Kelly Clarkson,Rock,2011,15,Kelly Clarkson,no,,,no,sTEp1EmvaCw,https://www.youtube.com/watch?v=sTEp1EmvaCw,KC Videos archive,Kellyoke (Classic) | The Sun Will Rise (Kelly Clarkson),2100,109
2026-06-23,7,1220,162,Behind the Door,Liv Ciara,,,,Kelly Clarkson,no,,,no,nja9IU67jho,https://www.youtube.com/watch?v=nja9IU67jho,The Kelly Clarkson Show (official),'Behind The Door' By Liv Ciara | Cameo-oke,3200,242
2026-06-24,7,1221,163,Nothing Breaks Like a Heart,Mark Ronson featuring Miley Cyrus,Country,2018,8,Kelly Clarkson,no,,,no,z7wu_kz6VIQ,https://www.youtube.com/watch?v=z7wu_kz6VIQ,KC Videos archive,Kellyoke | Nothing Breaks Like a Heart (Damiano David),1500,142
2026-06-25,7,1222,164,In My Life,The Beatles,Rock,1965,61,performed by Jessi Collins,yes,,,no,PLPkf8ITTA0,https://www.youtube.com/watch?v=PLPkf8ITTA0,The Kelly Clarkson Show (official),'In My Life' By The Beatles | Jessi Collins Cameo-oke,75000,264
2026-06-29,7,1223,165,Lesson in Leavin',Jo Dee Messina,Country,,,Kelly Clarkson,no,,,no,1Uh9qWLmD0M,https://www.youtube.com/watch?v=1Uh9qWLmD0M,KC Videos archive,Kellyoke | A Lesson In Leavin' (Jo Dee Messina),965,119
2026-06-30,7,1224,166,Big Time,LP,Rock,1986,40,Kelly Clarkson,no,,,no,XgcEbPcIHXE,https://www.youtube.com/watch?v=XgcEbPcIHXE,KC Videos archive,Kellyoke | Big Time (LP),2600,130
2026-07-01,7,1225,167,Lines in the Carpet,Ashley McBryde,Country,,,Ashley McBryde,yes,,,no,deLdC7fCTAU,https://www.youtube.com/watch?v=deLdC7fCTAU,The Kelly Clarkson Show (official),'Lines In The Carpet' By Ashley McBryde | Cameo-oke,22000,209
2026-07-13,7,1226,168,Cut!,Maren Morris & Julia Michaels,Country,,,Kelly Clarkson,no,,,no,CnJtfQNtzpE,https://www.youtube.com/watch?v=CnJtfQNtzpE,The Kelly Clarkson Show (official),'cut!' By Maren Morris & Julia Michaels | Kelly Clarkson Kellyoke Cover,44000,139
2026-07-14,7,1227,169,Talking to the Moon,Bruno Mars,Pop,2011,15,Kelly Clarkson,no,,,no,P03v9925Qng,https://www.youtube.com/watch?v=P03v9925Qng,KC Videos archive,Kellyoke | Talking to the Moon (Bruno Mars),3000,142
2026-07-15,7,1228,170,In My Head,Gryffin with Kaskade featuring Nu-La,Electronic,,,Kelly Clarkson,no,,,no,bVpWglqblCg,https://www.youtube.com/watch?v=bVpWglqblCg,KC Videos archive,Kellyoke | In My Head (Gryffin),919,150
2026-07-16,7,1229,171,Cruel,Kelly Clarkson,Pop,2017,9,Kelly Clarkson,no,,,no,hWTOII6Z93U,https://www.youtube.com/watch?v=hWTOII6Z93U,The Kelly Clarkson Show (official),'Cruel' By Kelly Clarkson | Kellyoke Classic,78000,165
2026-07-20,7,1230,172,What This Could Be,Joe Jonas,Pop,2024,2,Kelly Clarkson,no,,,no,8fl50zl_m4g,https://www.youtube.com/watch?v=8fl50zl_m4g,KC Videos archive,Kellyoke | What This Could Be (Joe Jonas),505,126
2026-07-21,7,1231,173,Austin,Dasha,,,,Kelly Clarkson,no,,,no,TAgr3Ry8aE0,https://www.youtube.com/watch?v=TAgr3Ry8aE0,KC Videos archive,Kellyoke | Austin (Boots Stop Workin') (Dasha),1200,137
2026-07-22,7,1232,174,Sweet Music Man,Kenny Rogers,Country,1977,49,Kelly Clarkson,no,,,no,L-nIRnNJw8w,https://www.youtube.com/watch?v=L-nIRnNJw8w,KC Videos archive,Kellyoke | Sweet Music Man (Kenny Rogers),1800,108
2026-08-31,7,1233,175,Golden,,World,,,Kelly Clarkson,no,,,no,py_P2TI-gNg,https://www.youtube.com/watch?v=py_P2TI-gNg,The Kelly Clarkson Show (official),'Golden' from Kpop Demon Hunters | Kelly Clarkson Kellyoke Cover,3800000,161
2026-08-31,7,1233,175,Since U Been Gone,,Rock,2004,22,Kelly Clarkson,no,,,no,U94lBqHmE-o,https://www.youtube.com/watch?v=U94lBqHmE-o,The Kelly Clarkson Show (official),Kelly Clarkson Sings 'Since U Been Gone' | Kelly By Request,495000,356
2026-08-31,7,1233,175,Sober,,Pop,,,Kelly Clarkson,no,,,no,liE_aOke6d4,https://www.youtube.com/watch?v=liE_aOke6d4,The Kelly Clarkson Show (official),Kelly Clarkson Sings 'Sober' | Series Finale,253000,354
2026-08-31,7,1233,175,Stronger (What Doesn't Kill You),,Pop,2012,14,Kelly Clarkson,no,,,no,eYuPU2XvCww,https://www.youtube.com/watch?v=eYuPU2XvCww,The Kelly Clarkson Show (official),Kelly Clarkson Sings 'Stronger' | Kelly By Request,180000,264
2026-08-31,7,1233,175,Piece by Piece,,Pop,,,Kelly Clarkson,no,,,no,HqgAXODLmLc,https://www.youtube.com/watch?v=HqgAXODLmLc,The Kelly Clarkson Show (official),Kelly Clarkson Sings 'Piece by Piece' | Series Finale,485000,376
2026-08-31,7,1233,175,Didn't I,,Pop,2017,9,Kelly Clarkson,no,,,no,5UZE1wgrVkA,https://www.youtube.com/watch?v=5UZE1wgrVkA,The Kelly Clarkson Show (official),Kelly Clarkson Sings 'Didn't I' | Series Finale,69000,250
2026-08-31,7,1233,175,I'd Be Lyin',,Pop,,,Kelly Clarkson,no,,,no,Q8dGh6adZvE,https://www.youtube.com/watch?v=Q8dGh6adZvE,The Kelly Clarkson Show (official),Kelly Clarkson Sings 'I'd Be Lyin' | Kelly By Request,54000,320
